date,slot,icode,brand,name,discount,price,qty_open,mid_qty,qty_close,sold,sold_out,sell_rate
2026/08/06,18:00,12914214,NIKE 耐吉,精選男女運動服飾 健身 背心 短袖 短褲 (多款任選),51折,450,381,196,185,否,48.6
2026/08/06,18:00,15039734,王品集團,西堤牛排經典套餐,94折,729,450,292,158,否,35.1
2026/08/06,18:00,8037995,倍潔雅,花漾柔感150抽x84包,5折,849,500,356,144,否,28.8
2026/08/06,18:00,15146594,Hair Recipe,洗護髮5入組★全新上市,49折,1111,505,398,107,否,21.2
2026/08/06,18:00,13840658,NIKE,AIR FORCE 1 百搭休閒鞋(多色任選),52折,1899,363,256,107,否,29.5
2026/08/06,18:00,13019510,ONE HOUSE洛克摺疊置物架,ONE HOUSE洛克摺疊置物架,35折,999,283,203,80,否,28.3
2026/08/06,18:00,14937238,台北茹曦酒店,SUNNY BUFFET自助式午或晚餐券(假日+200),83折,1088,280,200,80,否,28.6
2026/08/06,18:00,7467734,幸美生技,加拿大冷凍野生藍莓2kg(農殘/重金屬檢驗通過),5折,899,500,426,74,否,14.8
2026/08/06,18:00,12490561,家樂氏,早餐麥片纖穀脆任選x4包,57折,629,320,249,71,否,22.2
2026/08/06,18:00,15179980,一匙靈,制菌/亮彩/淨柔洗衣精8包,71折,546,500,432,68,否,13.6
2026/08/06,18:00,15362087,松屋,牛丼買10送10,47折,950,350,288,62,否,17.7
2026/08/06,18:00,9246383,卜蜂,去骨帶皮雞腿肉12包,44折,1199,255,206,49,否,19.2
2026/08/06,18:00,15300932,統一生機,蜜棗乾250gx6包,52折,569,550,511,39,否,7.1
2026/08/06,18:00,7862122,寵物尿布墊買四送四,寵物尿布墊買四送四,44折,888,169,131,38,否,22.5
2026/08/06,18:00,14581236,NIKE 耐吉,VOMERO PLUS 男女運動鞋 慢跑鞋 緩震 (多款任選),51折,2999,100,67,33,否,33.0
2026/08/06,18:00,9011676,DHC,深層卸粧油200ml三入組,41折,1111,300,268,32,否,10.7
2026/08/06,18:00,12864858,滿意寶寶,純水濕巾24包,46折,909,400,369,31,否,7.8
2026/08/06,18:00,15401638,契爾氏,激光極淨白淡斑精華50ml,32折,2736,127,96,31,否,24.4
2026/08/06,18:00,14069121,American Explorer 美國探險家,20吋 前開式 避震輪 防爆/防盜拉鍊 上掀式 行李箱 CF8 登機箱 旅行箱,38折,1598,75,44,31,否,41.3
2026/08/06,18:00,14478745,大同,10人份不鏽鋼電鍋奶茶色,7折,2740,100,70,30,否,30.0
2026/08/06,18:00,14931605,Buffalo 牛頭牌,小牛石英陶不沾鍋炒鍋30cm,33折,950,200,170,30,否,15.0
2026/08/06,18:00,15425248,蘭蔻,超極限小黑瓶PRO50ml,32折,3627,200,176,24,否,12.0
2026/08/06,18:00,11071919,百靈油,100ML*2+滾珠空瓶*1 共200ML,91折,3311,69,48,21,否,30.4
2026/08/06,18:00,11500082,聲寶,425L一級變頻冰箱,77折,16500,40,20,20,否,50.0
2026/08/06,18:00,12797999,mo select,日本製今治薩馬爾罕長纖棉浴巾2入組,3折,899,120,101,19,否,15.8
2026/08/06,18:00,15023945,m2美度,超超能膠原新生飲5盒組(8入/盒),48折,3380,500,483,17,否,3.4
2026/08/06,18:00,11108334,杏輝醫藥,蓉憶記膠囊3入組(共90粒),59折,5980,60,46,14,否,23.3
2026/08/06,18:00,14019529,BRITA,ModelONE+濾芯13芯組,39折,8888,30,18,12,否,40.0
2026/08/06,18:00,14257177,奇美,195L一級變頻冰箱,71折,8988,56,45,11,否,19.6
2026/08/06,18:00,14952545,Philips 飛利浦,星視界Plus透視蒸氣海星氣炸鍋7.2L_NA547/07,76折,9990,37,28,9,否,24.3
2026/08/06,18:00,14402787,石頭科技,Qrevo C Pro掃拖機器人-超值組,77折,13999,50,42,8,否,16.0
2026/08/06,18:00,13523463,BH,G33 Any Go健步慢跑機,38折,9888,40,32,8,否,20.0
2026/08/06,18:00,15510578,Samsung 三星,Galaxy Z Fold8 5G 7.6吋,9折,59900,10,3,7,否,70.0
2026/08/06,18:00,14389957,Apple,S+級福利品 AirPods Max(Lightning),66折,11999,10,7,3,否,30.0
2026/08/06,18:00,14463274,PP 石墨烯,石墨烯塑崩褲全系列任選2件,33折,4688,120,118,2,否,1.7
2026/08/06,18:00,15491295,麥當勞,麥香魚+麥克雞塊(4塊)+薯條(大)+冰檸檬風味紅茶(中),73折,149,2,1,1,否,50.0
2026/08/06,18:00,15143552,ASUS,i7十核RTX5050電競★升32G,82折,42888,20,19,1,否,5.0
2026/08/06,18:00,15058177,iloom 怡倫家居,S03 3人座模組沙發,68折,14999,20,20,0,否,0.0
2026/08/06,18:00,7763758,包大人,瞬吸防漏 黏貼型紙褲,55折,999,1,937,0,否,0.0
2026/08/06,22:00,15434383,NIKE 耐吉,AIR MAX BIA 男女運動鞋 休閒鞋 (多款任選),48折,1299,300,186,114,否,38.0
2026/08/06,22:00,8649334,DEPE德邁國際工學椅,DEPE德邁國際工學椅,59折,2499,79,0,79,是,100.0
2026/08/06,22:00,12882887,NIKE,WINFLO 11 輕量慢跑鞋(男女任選),48折,1599,325,254,71,否,21.8
2026/08/06,22:00,10343393,元大珠寶黃金一錢金塊金條 十三選一(獨家與白沙屯媽祖授權聯名),元大珠寶黃金一錢金塊金條 十三選一(獨家與白沙屯媽祖授權聯名),95折,18188,150,94,56,否,37.3
2026/08/06,22:00,9893050,美琪,抗菌洗手慕斯2入,69折,699,400,361,39,否,9.8
2026/08/06,22:00,15114914,Philips 飛利浦,XP9404旗艦AI奢享旋護式電鬍刀,63折,20880,50,19,31,否,62.0
2026/08/06,22:00,13224566,m2美度,超能膠原飲100包組,42折,7280,500,473,27,否,5.4
2026/08/06,22:00,9047365,High Tea,黃金蕎麥茶15入x5袋,38折,849,400,377,23,否,5.8
2026/08/06,22:00,14696320,新紅薑黃先生200顆/瓶任選5瓶-日用加強版/夜用升級版(共1000顆 日本原裝 天然紅薑黃錠 薑黃精油,新紅薑黃先生200顆/瓶任選5瓶-日用加強版/夜用升級版(共1000顆 日本原裝 天然紅薑黃錠 薑黃精油,45折,4500,110,90,20,否,18.2
2026/08/06,22:00,9509497,滿意寶寶,瞬潔乾爽輕巧褲L-XXL(任選2箱組),68折,2398,500,481,19,否,3.8
2026/08/06,22:00,11906090,SWAROVSKI 施華洛世奇,缺貨排隊款★璀璨水晶飾品均一價(多款選),34折,1868,38,21,17,否,44.7
2026/08/06,22:00,15085501,VIGILL 婦潔,好禮多重贈★極植零菌免洗內褲_60入組,75折,1739,231,222,9,否,3.9
2026/08/06,22:00,14620245,GENG YUAN 耕沅,100%冷壓初榨紫蘇油250ml x 3入,57折,1199,260,251,9,否,3.5
2026/08/06,22:00,15235447,LATIB韓國熱銷晨間保養橄欖油檸檬飲(30入/盒),LATIB韓國熱銷晨間保養橄欖油檸檬飲(30入/盒),85折,2570,71,62,9,否,12.7
2026/08/06,22:00,14037867,石頭科技,F25 ACE Combo 五合一AI全能吸塵洗地機,39折,13888,19,11,8,否,42.1
2026/08/06,22:00,15510578,Samsung 三星,Galaxy Z Fold8 5G 7.6吋,9折,59900,10,4,6,否,60.0
2026/08/06,22:00,10834226,JHT,i芯深捏臀感零重力按摩椅,54折,27000,10,5,5,否,50.0
2026/08/06,22:00,9486380,雅詩蘭黛,粉持久粉底液,77折,2400,200,195,5,否,2.5
2026/08/06,22:00,5382772,白宮行館沙灘渡假村,精緻海景溫泉4人家庭房含早餐★夏日暢玩露天泳池,42折,4599,110,105,5,否,4.5
2026/08/06,22:00,6084084,House Door 好適家居,日本抗菌表布9cm竹炭記憶床墊,32折,1899,160,156,4,否,2.5
2026/08/06,22:00,14590065,三星,55型 Neo QLED智慧TV,79折,23900,30,27,3,否,10.0
2026/08/06,22:00,14993162,技嘉平台,R5/RX9060XT 16G電競機(R5-7500F/32G/1T),85折,37490,10,7,3,否,30.0
2026/08/06,22:00,13028419,農純鄉,燕窩鱸魚精15包禮盒,74折,2399,75,72,3,否,4.0
2026/08/06,22:00,13719341,KINCHO日本金鳥,室內外防蚊掛片250日(全新升級防蚊網片三件組),48折,1669,300,297,3,否,1.0
2026/08/06,22:00,14693860,官方直營iQOO15 5G凌雲灰(16G/512G/高通S8 Elite Gen 5/5000萬畫素潛望長焦鏡頭/AI電競手機),官方直營iQOO15 5G凌雲灰(16G/512G/高通S8 Elite Gen 5/5000萬畫素潛望長焦鏡頭/AI電競手機),93折,27999,20,19,1,否,5.0
2026/08/06,22:00,12207674,3M,除塵紙拖把補充包箱購特惠組(乾巾/濕巾 可任選2箱),55折,1099,78,78,0,否,0.0
2026/08/06,22:00,9855531,海倫仙度絲,科研去屑洗髮精3入,55折,599,34,84,0,否,0.0
2026/08/07,00:00,14054419,Pure 衣櫃,設計感氣質顯瘦兩件套裝(多款任選),29折,459,650,211,439,否,67.5
2026/08/07,00:00,10046723,Avila阿維拉,強碳酸氣泡水500mlx2箱(共48入),34折,499,600,369,231,否,38.5
2026/08/07,00:00,14469858,得意的一天,義大利橄欖油1Lx3瓶(超值贈品任選),84折,1485,220,142,78,否,35.5
2026/08/07,00:00,10019468,朵舒,棉仔紙超厚柔150抽x84包,46折,829,500,427,73,否,14.6
2026/08/07,00:00,13121462,PowerSync 群加,7開6插防雷擊延長線/1.8M,55折,349,300,234,66,否,22.0
2026/08/07,00:00,14148720,Arowana 亞諾納,速達獨家★小資森活29吋上開式1:9前開式可擴充旅行箱/行李箱,37折,1877,500,447,53,否,10.6
2026/08/07,00:00,12842796,亞培,安素原味 HMB升級配方 90入,82折,6375,150,98,52,否,34.7
2026/08/07,00:00,12984109,ARIEL,超濃縮抗菌抗臭洗衣精8包,78折,859,600,557,43,否,7.2
2026/08/07,00:00,12161679,日本桃雪,飯店大毛巾4件組,31折,999,143,101,42,否,29.4
2026/08/07,00:00,12462401,I.RISS 伊莉絲,8/10件組★提臀輕柔嬰兒棉蠶絲內褲,32折,518,399,358,41,否,10.3
2026/08/07,00:00,14217313,OLAY,水光小白瓶30ml-2入,57折,1379,300,262,38,否,12.7
2026/08/07,00:00,12049739,老爺酒店聯合住宿紙券,限量新券！多館通用★超長效期2027/6/30,83折,3325,150,112,38,否,25.3
2026/08/07,00:00,8143213,LG,寵物版加強淨化循環扇空氣清淨機(PuriCare360°/AS651DSS0,48折,12900,50,15,35,否,70.0
2026/08/07,00:00,13278350,海之醇,台灣去刺鱸魚清肉9+1片組,46折,999,310,278,32,否,10.3
2026/08/07,00:00,11045444,滿意寶寶,寶可夢晚安褲L-XXXL,87折,1099,500,470,30,否,6.0
2026/08/07,00:00,8278933,希爾思,成犬/高齡雞肉12公斤,64折,2449,263,241,22,否,8.4
2026/08/07,00:00,15287208,DaoDi,皮革購物登機包45L,17折,888,146,127,19,否,13.0
2026/08/07,00:00,11689147,達摩本草,92%高濃度魚油 6入(共720顆),35折,3990,100,88,12,否,12.0
2026/08/07,00:00,15109588,Philips 飛利浦,RQ903旗艦攜帶式電鬍刀,63折,6280,100,90,10,否,10.0
2026/08/07,00:00,14977086,追覓科技,X60 Ultra AI藍光辨識超薄掃拖旗艦機,48折,27980,30,20,10,否,33.3
2026/08/07,00:00,13211783,獅王,固齒佳Pro酵素牙膏10入,35折,749,350,340,10,否,2.9
2026/08/07,00:00,14761090,BRITA,瞬熱溫控冰溫熱開飲機13芯組,44折,14119,30,22,8,否,26.7
2026/08/07,00:00,14169450,華碩,16吋i5HX版滿血RTX5060,96折,49999,20,12,8,否,40.0
2026/08/07,00:00,15463933,TUMAX,24V涼感風扇衣套裝組,73折,4899,52,44,8,否,15.4
2026/08/07,00:00,9143638,資生堂國際櫃,百優乳霜50送49★下單贈200mo,41折,2320,250,242,8,否,3.2
2026/08/07,00:00,13167543,Wonder Core,Pro Max 真腰瘦機(跪滑機/羅馬椅/腿推機/划船機),79折,3980,25,20,5,否,20.0
2026/08/07,00:00,14244550,Relove,4D黑米絲密膠囊60顆X3包 共180顆(每日2顆90天份 天然酵母鋅x酵母硒 穩固防脫髮),88折,3579,182,178,4,否,2.2
2026/08/07,00:00,14861241,三星,65型4K智慧顯示器,71折,19900,30,27,3,否,10.0
2026/08/07,00:00,14027751,NIPPI,純膠原蛋白胜白金版3包,78折,2990,200,197,3,否,1.5
2026/08/07,00:00,15511112,Samsung 三星,Galaxy Z Flip8 5G 512G,86折,38900,6,5,1,否,16.7
2026/08/07,07:00,13875585,KOH COCONUT 酷椰嶼,100%椰子水 1Lx1箱(共12入),61折,769,400,190,210,否,52.5
2026/08/07,07:00,10273229,乖乖,好運連年箱三入組,6折,528,570,440,130,否,22.8
2026/08/07,07:00,10592692,日本味王,暢快人生激速EX益生菌60袋X2盒,53折,1683,200,144,56,否,28.0
2026/08/07,07:00,12249079,3ZeBra 三隻斑馬,好肩力｜斜方肌肩頸按摩器,67折,1999,200,151,49,否,24.5
2026/08/07,07:00,10719833,馬修嚴選,G+優格飲10入+贈能量優優格飲,78折,899,219,170,49,否,22.4
2026/08/07,07:00,13260069,雨傘王,BigRed太乾58 手開折疊傘(5級防潑水/超快乾傘布),63折,599,500,458,42,否,8.4
2026/08/07,07:00,11822051,DIADORA,男女輕量慢跑鞋(網路獨家),54折,699,381,345,36,否,9.4
2026/08/07,07:00,14944494,Move Free 益節,UC-II加強型迷你錠6瓶(共180錠),55折,3999,300,267,33,否,11.0
2026/08/07,07:00,9267042,汪喵星球,TOLI寵物地墊40x40cm*10片,69折,2099,300,269,31,否,10.3
2026/08/07,07:00,10974018,潔美淨,安撫修護AI乳霜3入組,49折,1999,120,91,29,否,24.2
2026/08/07,07:00,15387600,UHA 味覺糖,鐵軟糖20日+鐵及葉酸軟糖20日,95折,499,700,673,27,否,3.9
2026/08/07,07:00,12682044,Hoppi,嬰兒純水加蓋濕巾24包,78折,829,400,375,25,否,6.2
2026/08/07,07:00,14107740,幫寶適,一級幫散熱拉拉褲/黏貼尿布5箱,74折,5299,500,485,15,否,3.0
2026/08/07,07:00,14284910,大研生醫,EPA 1200 頂級魚油軟膠囊x4入(90粒/盒),38折,3899,100,86,14,否,14.0
2026/08/07,07:00,12852369,亞培,安素優能基-穀物口味 HMB升級配方 800g x 2入,79折,1720,200,187,13,否,6.5
2026/08/07,07:00,6349347,亞培,倍力素腫瘤癌症專用即飲配方220ml x24入,83折,5475,100,87,13,否,13.0
2026/08/07,07:00,14848566,24HRS,4件組★經典療癒色無痕內衣,55折,1520,500,487,13,否,2.6
2026/08/07,07:00,15477277,巴黎萊雅,紫熨斗撫紋眼霜2入,63折,1699,500,488,12,否,2.4
2026/08/07,07:00,14470326,Logitech 羅技,MX Master 4 無線滑鼠,88折,3690,80,69,11,否,13.8
2026/08/07,07:00,8215792,貓王,新剋水靈屋頂防水塗料13.5L,47折,1199,68,58,10,否,14.7
2026/08/07,07:00,13705808,Delonghi,ECAM 22.110.SB 全自動義式咖啡機,4折,14900,50,41,9,否,18.0
2026/08/07,07:00,15351340,TOWN’WEAR 棠葳,夏日圖騰印花棉質上衣(女上衣/女上著/棉T/短袖/T恤/落肩/涼感),97折,979,9,0,9,是,100.0
2026/08/07,07:00,14809410,NEOFLAM,陶瓷雙鍋組30cm炒+28cm平,17折,1499,500,491,9,否,1.8
2026/08/07,07:00,13604421,3M,無痕高承重304不鏽鋼收納架-任選,76折,1899,113,106,7,否,6.2
2026/08/07,07:00,12700966,BRAUN 百靈,智能變速 5系PRO電鬍刀★充電座組,59折,4288,80,74,6,否,7.5
2026/08/07,07:00,11936259,飛力士,免手持★全自動60張碎紙機,93折,3250,244,239,5,否,2.0
2026/08/07,07:00,14583498,東元,12KG洗脫烘滾筒洗衣機,48折,13111,40,35,5,否,12.5
2026/08/07,07:00,15218665,追覓科技,FP10 360°自滾集毛自清潔空氣清淨機,49折,12980,30,26,4,否,13.3
2026/08/07,07:00,14639455,Apple,iPhone 17 Pro(256G/6.3吋),95折,38900,40,36,4,否,10.0
2026/08/07,07:00,15422941,蘭蔻,超極限肌因撫紋抗皺筆20ml,7折,2950,200,198,2,否,1.0
2026/08/07,07:00,15425251,蘭蔻,極塑緊緻膠原霜50ml,47折,2790,27,25,2,否,7.4
2026/08/07,07:00,15491288,麥當勞,經典美式咖啡(冰)+吉事蛋堡,65折,55,6,4,2,否,33.3
2026/08/07,07:00,8666029,Sofy蘇菲,彈力貼身衛生棉,39折,459,1,1,0,否,0.0
2026/08/07,11:00,10046723,Avila阿維拉,強碳酸氣泡水500mlx2箱(共48入),34折,499,582,576,456,126,否,21.6
2026/08/07,11:00,15242118,莫凡彼,雙人平日經典義式套餐(含主餐*2+湯品*2+甜點*2+飲品*2),4折,599,443,429,318,125,否,28.2
2026/08/07,11:00,13875585,KOH COCONUT 酷椰嶼,100%椰子水 1Lx1箱(共12入),61折,769,385,375,292,93,否,24.2
2026/08/07,11:00,15287899,王品集團,火鍋.中菜7大品牌通用$888抵$1000《瘋鍋氣》好禮即享券(指定品牌加碼截圖贈菜/一次抵用型),88折,888,493,490,452,41,否,8.3
2026/08/07,11:00,11691199,Airwaves,任選超涼無糖口香糖10入(提神/潔牙/口腔清潔),62折,618,490,476,450,40,否,8.2
2026/08/07,11:00,14432357,Apple,iPhone 17(256G/6.3吋),96折,28900,109,105,83,26,否,23.9
2026/08/07,11:00,10284830,金賞,泰國A+老欉金枕頭榴槤5盒(通過多項無毒檢驗),39折,999,490,484,464,26,否,5.3
2026/08/07,11:00,6532205,五月花,厚棒四層抽取90抽x60包,71折,1199,338,341,318,20,否,5.9
2026/08/07,11:00,4811545,亞大T8銀耳,冰糖原味白木耳露150gx24入/箱,49折,1188,279,275,260,19,否,6.8
2026/08/07,11:00,15248937,雅詩蘭黛,小棕瓶100ml買1送1(國際航空版),25折,4011,124,122,107,17,否,13.7
2026/08/07,11:00,10024935,Persil,三合一洗衣球180顆,5折,999,485,484,469,16,否,3.3
2026/08/07,11:00,14469858,得意的一天,義大利橄欖油1Lx3瓶(超值贈品任選),84折,1485,749,750,735,14,否,1.9
2026/08/07,11:00,15162643,KOHZII 康馳,全自動製冰機 KIM1250SS (2026全新上市),41折,1490,98,97,84,14,否,14.3
2026/08/07,11:00,15449061,DHC,持續型生物素 30日份3入組,85折,539,644,642,630,14,否,2.2
2026/08/07,11:00,13901279,MIT iLook,冰冰被/冰絲床包-2入組,21折,918,330,329,317,13,否,3.9
2026/08/07,11:00,12249079,3ZeBra 三隻斑馬,好肩力｜斜方肌肩頸按摩器,67折,1999,197,195,185,12,否,6.1
2026/08/07,11:00,8143213,LG,寵物版加強淨化循環扇空氣清淨機(PuriCare360°/AS651DSS0,48折,12900,49,48,40,9,否,18.4
2026/08/07,11:00,14148720,Arowana 亞諾納,速達獨家★小資森活29吋上開式1:9前開式可擴充旅行箱/行李箱,37折,1877,493,491,485,8,否,1.6
2026/08/07,11:00,14534624,〔momo獨家〕「從無到有工程大剖析」系列：水壩、遊樂園、道路、隧道、橋梁、大樓（共6冊）,〔momo獨家〕「從無到有工程大剖析」系列：水壩、遊樂園、道路、隧道、橋梁、大樓（共6冊）,55折,1263,72,71,64,8,否,11.1
2026/08/07,11:00,15388635,NEW BALANCE,515厚底復古鞋_多款任選,61折,1699,198,198,190,8,否,4.0
2026/08/07,11:00,13204646,COACH,男士皮革/PVC短夾(多色),25折,2258,144,141,137,7,否,4.9
2026/08/07,11:00,15154814,SK-II,青春露330ml+330ml,52折,9350,82,81,76,6,否,7.3
2026/08/07,11:00,13786652,Philips 飛利浦,星視界透視海星氣炸鍋4.2L_NA322/00,66折,5990,99,99,94,5,否,5.1
2026/08/07,11:00,11331449,蒂巴蕾,贈80mo★6件組-桑蠶絲無痕抗菌內褲,59折,718,495,495,490,5,否,1.0
2026/08/07,11:00,9307569,上山採藥,五星飯店指定植萃洗髮/沐浴任4入,49折,899,298,298,293,5,否,1.7
2026/08/07,11:00,12842795,亞培,安素原味 HMB升級配方 60入,82折,4250,198,198,194,4,否,2.0
2026/08/07,11:00,10343393,元大珠寶,黃金一錢金塊金條 十三選一(獨家與白沙屯媽祖授權聯名),96折,18188,79,79,75,4,否,5.1
2026/08/07,11:00,12787366,BRITA,5重龍濾水器組(共1機4芯),53折,4980,27,26,23,4,否,14.8
2026/08/07,11:00,13229603,dyson,V8 SV25 強勁無線吸塵器(經典款),53折,8990,150,150,147,3,否,2.0
2026/08/07,11:00,15027125,SPORTS RESEARCH,Omega-3 濃縮魚油 1250mg 150粒,84折,1699,199,199,196,3,否,1.5
2026/08/07,11:00,15549729,YOMIX 優迷,迪士尼玩具總動員滿電分離器,56折,499,437,437,434,3,否,0.7
2026/08/07,11:00,14691325,BenQ,24型 144Hz 護眼螢幕,76折,2818,27,27,24,3,否,11.1
2026/08/07,11:00,14911376,Move Free 益節,葡萄糖胺錠複能3合1加強錠4瓶(共600錠),56折,3618,63,62,61,2,否,3.2
2026/08/07,11:00,14729899,資生堂國際櫃,激抗痕緊緻ACE眼霜15mL★下單贈200mo點,46折,2590,250,249,248,2,否,0.8
2026/08/07,11:00,8852892,東元,6-8坪冷暖除溼淨化移動空調,34折,9888,17,16,15,2,否,11.8
2026/08/07,11:00,14895103,zZSLEEPER,-2°C 涼感忘憂枕1入,38折,2199,109,109,107,2,否,1.8
2026/08/07,11:00,15230014,石頭科技,F25 RT GEN 2小白鯊零纏繞洗地機,93折,6999,50,49,49,1,否,2.0
2026/08/07,11:00,13274886,Farmina 法米納,天然無穀貓糧10kg,64折,3839,100,100,99,1,否,1.0
2026/08/07,11:00,12270439,輝葉良品,天胡一號 電動麻將桌HYG-W01_摺疊款全配版,69折,21888,35,35,34,1,否,2.9
2026/08/07,11:00,13506797,OZIO 歐姬兒,升級版凍齡蜂王乳凝露EX-75g/6入(極潤抗皺All In One凝露),38折,4911,70,70,69,1,否,1.4
2026/08/07,11:00,10958352,好奇,小森林尿布 (好眠褲/好動褲/黏貼型),84折,1435,1,1,1,0,否,0.0
2026/08/07,11:00,15302691,亞馬生醫,視界粒現5盒,49折,3880,32,32,39,0,否,0.0
2026/08/07,11:00,15468434,小米,Xiaomi 15T 6.83吋 5G(12G/256G),92折,12999,30,30,30,0,否,0.0
2026/08/07,14:00,14469858,得意的一天,義大利橄欖油1Lx3瓶(超值贈品任選),84折,1485,721,,0,721,是,100.0
2026/08/07,14:00,15449061,DHC,持續型生物素 30日份3入組,85折,539,618,,0,618,是,100.0
2026/08/07,14:00,11331449,蒂巴蕾,贈80mo★6件組-桑蠶絲無痕抗菌內褲,59折,718,487,,0,487,是,100.0
2026/08/07,14:00,14148720,Arowana 亞諾納,速達獨家★小資森活29吋上開式1:9前開式可擴充旅行箱/行李箱,37折,1877,477,,0,477,是,100.0
2026/08/07,14:00,10284830,金賞,泰國A+老欉金枕頭榴槤5盒(通過多項無毒檢驗),39折,999,453,,0,453,是,100.0
2026/08/07,14:00,10024935,Persil,三合一洗衣球180顆,5折,999,448,,0,448,是,100.0
2026/08/07,14:00,11691199,Airwaves,任選超涼無糖口香糖10入(提神/潔牙/口腔清潔),62折,618,434,,0,434,是,100.0
2026/08/07,14:00,15549729,YOMIX 優迷,迪士尼玩具總動員滿電分離器,56折,499,422,,0,422,是,100.0
2026/08/07,14:00,15287899,王品集團,火鍋.中菜7大品牌通用$888抵$1000《瘋鍋氣》好禮即享券(指定品牌加碼截圖贈菜/一次抵用型),88折,888,408,,0,408,是,100.0
2026/08/07,14:00,10046723,Avila阿維拉,強碳酸氣泡水500mlx2箱(共48入),34折,499,364,,0,364,是,100.0
2026/08/07,14:00,6532205,五月花,厚棒四層抽取90抽x60包,71折,1199,310,,0,310,是,100.0
2026/08/07,14:00,13901279,MIT iLook,冰冰被/冰絲床包-2入組,21折,918,306,,0,306,是,100.0
2026/08/07,14:00,9307569,上山採藥,五星飯店指定植萃洗髮/沐浴任4入,49折,899,286,,0,286,是,100.0
2026/08/07,14:00,15242118,莫凡彼,雙人平日經典義式套餐(含主餐*2+湯品*2+甜點*2+飲品*2),4折,599,252,,0,252,是,100.0
2026/08/07,14:00,14729899,資生堂國際櫃,激抗痕緊緻ACE眼霜15mL★下單贈200mo點,46折,2590,248,,0,248,是,100.0
2026/08/07,14:00,4811545,亞大T8銀耳,冰糖原味白木耳露150gx24入/箱,49折,1188,237,,0,237,是,100.0
2026/08/07,14:00,13875585,KOH COCONUT 酷椰嶼,100%椰子水 1Lx1箱(共12入),61折,769,208,,0,208,是,100.0
2026/08/07,14:00,15027125,SPORTS RESEARCH,Omega-3 濃縮魚油 1250mg 150粒,84折,1699,193,,0,193,是,100.0
2026/08/07,14:00,12842795,亞培,安素原味 HMB升級配方 60入,82折,4250,185,,0,185,是,100.0
2026/08/07,14:00,15388635,NEW BALANCE,515厚底復古鞋_多款任選,61折,1699,182,,0,182,是,100.0
2026/08/07,14:00,12249079,3ZeBra 三隻斑馬,好肩力｜斜方肌肩頸按摩器,67折,1999,171,,0,171,是,100.0
2026/08/07,14:00,13229603,dyson,V8 SV25 強勁無線吸塵器(經典款),53折,8990,143,,0,143,是,100.0
2026/08/07,14:00,13204646,COACH,男士皮革/PVC短夾(多色),25折,2258,130,,0,130,是,100.0
2026/08/07,14:00,14895103,zZSLEEPER,-2°C 涼感忘憂枕1入,38折,2199,105,,0,105,是,100.0
2026/08/07,14:00,15248937,雅詩蘭黛,小棕瓶100ml買1送1(國際航空版),25折,4011,97,,0,97,是,100.0
2026/08/07,14:00,13274886,Farmina 法米納,天然無穀貓糧10kg,64折,3839,93,,0,93,是,100.0
2026/08/07,14:00,13786652,Philips 飛利浦,星視界透視海星氣炸鍋4.2L_NA322/00,66折,5990,89,,0,89,是,100.0
2026/08/07,14:00,15162643,KOHZII 康馳,全自動製冰機 KIM1250SS (2026全新上市),41折,1490,72,,0,72,是,100.0
2026/08/07,14:00,10343393,元大珠寶,黃金一錢金塊金條 十三選一(獨家與白沙屯媽祖授權聯名),96折,18188,70,,0,70,是,100.0
2026/08/07,14:00,15154814,SK-II,青春露330ml+330ml,52折,9350,69,,0,69,是,100.0
2026/08/07,14:00,13506797,OZIO 歐姬兒,升級版凍齡蜂王乳凝露EX-75g/6入(極潤抗皺All In One凝露),38折,4911,65,,0,65,是,100.0
2026/08/07,14:00,14534624,〔momo獨家〕「從無到有工程大剖析」系列：水壩、遊樂園、道路、隧道、橋梁、大樓（共6冊）,〔momo獨家〕「從無到有工程大剖析」系列：水壩、遊樂園、道路、隧道、橋梁、大樓（共6冊）,55折,1263,59,,0,59,是,100.0
2026/08/07,14:00,14911376,Move Free 益節,葡萄糖胺錠複能3合1加強錠4瓶(共600錠),56折,3618,57,,0,57,是,100.0
2026/08/07,14:00,14432357,Apple,iPhone 17(256G/6.3吋),96折,28900,55,,0,55,是,100.0
2026/08/07,14:00,15230014,石頭科技,F25 RT GEN 2小白鯊零纏繞洗地機,93折,6999,48,,0,48,是,100.0
2026/08/07,14:00,15302691,亞馬生醫,視界粒現5盒,49折,3880,38,,0,38,是,100.0
2026/08/07,14:00,8143213,LG,寵物版加強淨化循環扇空氣清淨機(PuriCare360°/AS651DSS0,48折,12900,32,,0,32,是,100.0
2026/08/07,14:00,12270439,輝葉良品,天胡一號 電動麻將桌HYG-W01_摺疊款全配版,69折,21888,32,,0,32,是,100.0
2026/08/07,14:00,15468434,小米,Xiaomi 15T 6.83吋 5G(12G/256G),92折,12999,30,,0,30,是,100.0
2026/08/07,14:00,14691325,BenQ,24型 144Hz 護眼螢幕,76折,2818,24,,0,24,是,100.0
2026/08/07,14:00,12787366,BRITA,5重龍濾水器組(共1機4芯),53折,4980,21,,0,21,是,100.0
2026/08/07,14:00,8852892,東元,6-8坪冷暖除溼淨化移動空調,34折,9888,9,,0,9,是,100.0
2026/08/07,14:00,10958352,好奇,小森林尿布 (好眠褲/好動褲/黏貼型),84折,1435,1,,0,1,是,100.0
2026/08/08,00:00,14885905,MUJI 無印良品,男天竺圓領短袖T恤-多色任選,84折,211,836,,0,836,是,100.0
2026/08/08,00:00,12984109,ARIEL,超濃縮抗菌抗臭洗衣精8包,78折,859,518,,0,518,是,100.0
2026/08/08,00:00,14928291,好自在,無痕早安/奢柔褲36片/安睡褲48片,62折,999,465,,0,465,是,100.0
2026/08/08,00:00,7851424,MarCella 瑪榭,7件組★無縫抗菌內褲-薄感中高腰,56折,1111,464,,0,464,是,100.0
2026/08/08,00:00,13831720,NIKE,AIR JORDAN 1百搭休閒鞋,47折,1899,446,,0,446,是,100.0
2026/08/08,00:00,13147815,杰哥蛋餅,經典眷村味盒子系列4包,84折,839,324,,0,324,是,100.0
2026/08/08,00:00,10875512,QUAKER 桂格,特濃黑芝麻穀飲/杏仁果燕麥飲237mlx2盒(共24瓶),59折,499,284,,0,284,是,100.0
2026/08/08,00:00,6532205,五月花,厚棒四層抽取90抽x60,71折,1199,268,,0,268,是,100.0
2026/08/08,00:00,12914214,NIKE 精選運動服飾(多款任選),NIKE 精選運動服飾(多款任選),55折,488,251,,0,251,是,100.0
2026/08/08,00:00,14944494,Move Free 益節,UC-II加強型迷你錠6瓶(共180錠),55折,3999,245,,0,245,是,100.0
2026/08/08,00:00,6739761,胡媽媽灶腳,黃金干貝醬雙享6入組,47折,1199,235,,0,235,是,100.0
2026/08/08,00:00,12842795,亞培,安素原味 HMB升級配方 60入,82折,4250,194,,0,194,是,100.0
2026/08/08,00:00,13366515,Alpecin,咖啡因泡沫染髮露200mlx3,64折,1349,188,,0,188,是,100.0
2026/08/08,00:00,14877884,KIPLING,猴猴包新款上市★輕巧實用大容量旅行收納 後背包 手提包 側/肩/斜背包(58款選),36折,1988,163,,0,163,是,100.0
2026/08/08,00:00,12982769,亞培,葡勝納菁選營養品48入,81折,4320,142,,0,142,是,100.0
2026/08/08,00:00,13229603,dyson,V8 SV25 強勁無線吸塵器(經典款),53折,8990,135,,0,135,是,100.0
2026/08/08,00:00,12842796,亞培,安素原味 HMB升級配方 90入,82折,6375,133,,0,133,是,100.0
2026/08/08,00:00,15508848,TRYALL,Shake! 高纖果感蛋白隨搖飲-5入組 40g/包*2,65折,650,128,,0,128,是,100.0
2026/08/08,00:00,15248937,雅詩蘭黛,小棕瓶100ml買1送1(國際航空版),25折,4011,97,,0,97,是,100.0
2026/08/08,00:00,11729129,德國Emma,6公分雙面睡薄床墊-雙人,37折,3999,66,,0,66,是,100.0
2026/08/08,00:00,14279152,礁溪川湯春天旗艦館,雙人一泊二食早晚餐或四人家庭房含早餐,41折,6600,64,,0,64,是,100.0
2026/08/08,00:00,15406885,STAUB,鑄鐵飯鍋+飯匙+碗盤3件,45折,4999,59,,0,59,是,100.0
2026/08/08,00:00,14936224,Lenovo,Yoga Tab 12G/256G,81折,15490,50,,0,50,是,100.0
2026/08/08,00:00,13120348,成長天地,100cm桌面 兒童書桌椅,56折,7777,44,,0,44,是,100.0
2026/08/08,00:00,15143441,科沃斯,全新T90 PRO滾筒掃拖機器人,35折,19688,38,,0,38,是,100.0
2026/08/08,00:00,15290226,LUDEYA,超緊緻導入美容儀,33折,9088,32,,0,32,是,100.0
2026/08/08,00:00,12813998,伊萊克斯,極致美味700半自動義式咖啡機(E7EC1-610P),41折,11111,20,,0,20,是,100.0
2026/08/08,00:00,15132070,Apple,MacBook Air 15吋 M5(16G/512G),97折,48403,9,,0,9,是,100.0
2026/08/08,00:00,15055597,聲寶,6-8坪一級變頻冷專空調,58折,22900,6,,0,6,是,100.0
2026/08/08,11:00,12137812,ARIEL,4D抗菌洗衣膠囊120顆,74折,799,594,,0,594,是,100.0
2026/08/08,11:00,14107740,幫寶適,一級幫散熱拉拉褲/黏貼尿布5箱,74折,5299,489,,0,489,是,100.0
2026/08/08,11:00,13224566,m2 美度,超能膠原飲/晚安飲任選1箱(100包),43折,7580,480,,0,480,是,100.0
2026/08/08,11:00,7851422,MarCella 瑪榭,7件組★MIT無縫抗菌內褲-薄感中低腰,75折,999,471,,0,471,是,100.0
2026/08/08,11:00,11650005,義美,原味保久乳125mlx2箱(共48入),7折,511,461,,0,461,是,100.0
2026/08/08,11:00,14208908,Le Creuset,Gourmand專業迷你鑄鐵鍋具3入組,33折,3999,292,,0,292,是,100.0
2026/08/08,11:00,12553642,皮爾卡登,男款 速乾透氣彈力休閒長褲(四色任選),26折,799,279,,0,279,是,100.0
2026/08/08,11:00,10484887,饗城,五星級超有感牛肉麵10入組+50MO,77折,1049,229,,0,229,是,100.0
2026/08/08,11:00,14578775,PUMA,Softride系列 慢跑運動鞋 (多款選),76折,999,201,,0,201,是,100.0
2026/08/08,11:00,12842795,亞培,安素原味 HMB升級配方 60入,82折,4250,196,,0,196,是,100.0
2026/08/08,11:00,13344416,資生堂國際櫃,百優精純乳霜 75mlx2入,35折,2577,196,,0,196,是,100.0
2026/08/08,11:00,10689278,SK-II,青春露330ml送10禮,54折,7761,196,,0,196,是,100.0
2026/08/08,11:00,11560785,雅詩蘭黛,小棕瓶30送30ml,58折,3100,188,,0,188,是,100.0
2026/08/08,11:00,4932213,桂格,養氣人蔘共120入,72折,5310,176,,0,176,是,100.0
2026/08/08,11:00,14500395,LARGAN 大立美,關健立克10盒（共300粒）,44折,6688,157,,0,157,是,100.0
2026/08/08,11:00,11663033,dyson,V12 TC強勁輕量智慧無線吸塵器(mo獨家升級版/雙主吸頭),71折,17900,138,,0,138,是,100.0
2026/08/08,11:00,11843761,Ta-Da 泰達,最新升級版 泰達隨身椅PRO(原廠一年保固),66折,2630,131,,0,131,是,100.0
2026/08/08,11:00,8971796,Panasonic 國際牌,日本製乾濕兩用電動刮鬍刀(ES-ST2S-K),49折,1990,79,,0,79,是,100.0
2026/08/08,11:00,15478703,PORTER,波特包 獨家新品x熱銷獨家組★新品手提包 輕量斜背包 真皮短夾(19款選),6折,2999,78,,0,78,是,100.0
2026/08/08,11:00,10877396,國際牌,高滲透奈米水離子吹風機-NA0J深藍,68折,7490,73,,0,73,是,100.0
2026/08/08,11:00,12092813,雪之上,全效合一水凝霜3入,55折,2620,71,,0,71,是,100.0
2026/08/08,11:00,13750528,Olitalia 奧利塔,純橄欖油禮盒組6+1瓶,73折,2928,52,,0,52,是,100.0
2026/08/08,11:00,14228051,LG,超值雙層360循環扇空氣清淨機,66折,13900,48,,0,48,是,100.0
2026/08/08,11:00,15331327,BRITA,純淨全效型6芯-歐洲製,59折,1183,45,,0,45,是,100.0
2026/08/08,11:00,15510582,Samsung 三星,Galaxy Z Fold8 Ultra (12G/512G),91折,65900,27,,0,27,是,100.0
2026/08/08,11:00,14817136,SANSUI,5.1.2聲霸 聲空艙SS2,59折,12800,23,,0,23,是,100.0
2026/08/08,11:00,15512497,Even Realities,Even G2 AI 智慧眼鏡,99折,19990,19,,0,19,是,100.0
2026/08/08,11:00,14016458,法國Staub,迷你鑄鐵鍋＋圓形平煎鍋16cm,26折,3999,8,,0,8,是,100.0
2026/08/08,11:00,15137218,華碩,15.6吋Core5輕薄16G,79折,19999,39,45,37,2,否,5.1
2026/08/08,11:00,13528252,Sofy蘇菲,超熟睡/超日安褲型衛生棉箱購,36折,725,1,,0,1,是,100.0
2026/08/08,11:00,14175260,法國皇家,理想體態貓飼料15kg,7折,3199,458,481,461,0,否,0.0
2026/08/08,11:00,15491289,麥當勞,豬肉滿福堡加蛋+經典美式咖啡(冰),52折,58,0,,0,0,是,0.0
2026/08/08,11:00,8141534,大研生醫,德國頂級魚油10入組(600粒.陳美鳳&權威醫生共同推薦),4折,7950,72,90,84,0,否,0.0
2026/08/08,14:00,14739665,Dr.Schaumann’s厚繭嫩足拋光霜驚爆2件組,Dr.Schaumann’s厚繭嫩足拋光霜驚爆2件組,11折,1112,537,,0,537,是,100.0
2026/08/08,14:00,13799375,Simply 新普利,超級夜酵素DX 100顆(x2盒),37折,4180,483,,0,483,是,100.0
2026/08/08,14:00,10419093,滿意寶寶,極上呵護輕巧褲L-XL(任選2箱組),78折,2998,480,,0,480,是,100.0
2026/08/08,14:00,14175260,法國皇家,理想體態貓飼料15kg,7折,3199,459,,0,459,是,100.0
2026/08/08,14:00,7718839,汪喵星球,犬貓冷凍乾燥原肉零食260-300g,73折,888,457,,0,457,是,100.0
2026/08/08,14:00,9735781,Persil,深層酵解濃縮洗衣精6包,49折,949,428,,0,428,是,100.0
2026/08/08,14:00,13317110,臻御行,量販無調味堅果任選2袋,8折,759,392,,0,392,是,100.0
2026/08/08,14:00,9113256,舒酸定,長效抗敏牙膏8入,47折,669,357,,0,357,是,100.0
2026/08/08,14:00,14548527,威利在哪裡？經典系列大集合1-7,威利在哪裡？經典系列大集合1-7,55折,1552,281,,0,281,是,100.0
2026/08/08,14:00,15131667,Wacoal 華歌爾,華歌爾x莎薇 2件組 美胸、運動、無鋼圈內衣(多款任選),28折,1088,195,,0,195,是,100.0
2026/08/08,14:00,13704397,湛盧咖啡,經典綜合濾掛咖啡2盒(共72包;中焙/深焙 任選),74折,1199,190,,0,190,是,100.0
2026/08/08,14:00,15437770,飲后,超孅飲6盒(15包/盒 白家綺監製 順暢代謝),36折,2830,176,,0,176,是,100.0
2026/08/08,14:00,10950080,台酒生技,黑酵母酒粕青春露5入,28折,1288,168,,0,168,是,100.0
2026/08/08,14:00,13146566,AHC,B5微導玻尿酸保濕精華液,43折,1319,158,,0,158,是,100.0
2026/08/08,14:00,15002869,Apple,iPhone 17e(256G/6.1吋),95折,20900,155,,0,155,是,100.0
2026/08/08,14:00,15248937,Estee Lauder 雅詩蘭黛,特潤超導全方位修護露100ml送100ml(加大版/國際航空版),25折,4011,151,,0,151,是,100.0
2026/08/08,14:00,15257164,GARMINVENU 3 GPS 智慧腕錶 光譜黑,GARMINVENU 3 GPS 智慧腕錶 光譜黑,66折,9990,148,,0,148,是,100.0
2026/08/08,14:00,13244428,象印,買1送1超輕量彈蓋保溫杯600ml,35折,1288,148,,0,148,是,100.0
2026/08/08,14:00,12842796,亞培,安素原味 HMB升級配方 90入,82折,6375,147,,0,147,是,100.0
2026/08/08,14:00,15129556,dyson,HD19國際電壓隨行吹風機(新品上市/全球電壓),91折,9990,142,,0,142,是,100.0
2026/08/08,14:00,8771176,美威鮭魚,精選鮭魚菲力系列任選二件組,69折,1799,125,,0,125,是,100.0
2026/08/08,14:00,15394907,必勝客,2個十三吋鬆厚大比薩(口味10選2),29折,389,248,715,128,120,否,48.4
2026/08/08,14:00,11764022,FL 生活+,超巨型360L摺疊收納箱-三層款,3折,2399,120,,0,120,是,100.0
2026/08/08,14:00,8372350,挺立,關鍵迷你錠UCII 4+1盒組,6折,2998,109,,0,109,是,100.0
2026/08/08,14:00,13905679,鈦安,萬用鈦砧板(大+中),72折,2980,93,,0,93,是,100.0
2026/08/08,14:00,11010637,大研生醫,視易適葉黃素10入組(300粒-陳美鳳代言.添加蝦紅素.智利酒果.山桑子),4折,7950,93,,0,93,是,100.0
2026/08/08,14:00,8013804,飛利浦,全自動義式咖啡機(EP2220),28折,9999,85,,0,85,是,100.0
2026/08/08,14:00,8141534,大研生醫,德國頂級魚油10入組(600粒.陳美鳳&權威醫生共同推薦),4折,7950,83,,0,83,是,100.0
2026/08/08,14:00,14478745,大同,10人份不鏽鋼電鍋奶茶色,7折,2740,77,,0,77,是,100.0
2026/08/08,14:00,14402787,石頭科技,Qrevo C Pro掃拖機器人-超值組,77折,13999,46,,0,46,是,100.0
2026/08/08,14:00,15137218,華碩,15.6吋Core5輕薄16G,79折,19999,36,,0,36,是,100.0
2026/08/08,14:00,15116881,DJI,OSMO POCKET 4全能套裝 手持口袋攝影機/相機 ｜旗艦高畫質｜多款底片濾鏡,96折,18032,27,,0,27,是,100.0
2026/08/08,14:00,14740370,Apple,AirPods Pro 3,88折,6999,22,,0,22,是,100.0
2026/08/08,14:00,12721647,LG,19KG變頻洗衣機,67折,18888,22,,0,22,是,100.0
2026/08/08,14:00,14789508,LEGO 樂高,Icons 10365 史傑克船長的海盜船,72折,9188,20,,0,20,是,100.0
2026/08/08,14:00,14364756,Acer,送包鼠★14吋32G Ultra 7 AI筆電,9折,36900,14,,0,14,是,100.0
2026/08/08,14:00,15510578,Samsung 三星,Galaxy Z Fold8 5G 7.6吋(12G/512G/Snapdragon 8 Elite Gen 5/5000萬畫素超廣角/AI手機),9折,59900,21,17,13,8,否,38.1
2026/08/08,14:00,15252400,BRAUN 百靈,新5系列PRO免拆快洗電鬍刀★內含鬢角刀,49折,3388,6,,0,6,是,100.0
2026/08/08,14:00,15438228,蘭蔻,小黑瓶100ml送正貨100ml,0.3折,5226,21,40,31,0,否,0.0
2026/08/08,14:00,14211446,輝葉,WePAPA登山健走機 HY-20613,69折,12400,18,27,25,0,否,0.0
2026/08/08,14:00,10144379,RealShop,加州空運水蜜桃1.8kg 6-9顆,74折,899,408,461,448,0,否,0.0
2026/08/08,14:00,10343718,元大珠寶黃金二錢金塊金條 投資保值利器(金重7.50克),元大珠寶黃金二錢金塊金條 投資保值利器(金重7.50克),95折,35688,0,,0,0,是,0.0
2026/08/09,14:00,15039439,肯德基,卡啦脆雞5塊+原味蛋撻禮盒(6入),52折,339,665,,0,665,是,100.0
2026/08/09,14:00,12047638,24HRS,3件組★經典款親膚無痕內衣-多色選,56折,1160,479,,0,479,是,100.0
2026/08/09,14:00,11246023,滿意寶寶,寶可夢晚安褲L-XXXL(任選2箱組),79折,1998,460,,0,460,是,100.0
2026/08/09,14:00,15152423,好自在,液體衛生棉108-109片,53折,949,441,,0,441,是,100.0
2026/08/09,14:00,13746818,葛莉思,貓食8kg*2入,62折,969,436,,0,436,是,100.0
2026/08/09,14:00,15457201,THE VEGAN 樂維根,經典植物優蛋白 2入組 1KG/袋,6折,1299,420,,0,420,是,100.0
2026/08/09,14:00,15026781,豐力富,官方經營 ★新上市 買1送1★高蛋白奶粉760gx2罐組,37折,559,407,,0,407,是,100.0
2026/08/09,14:00,11145331,原萃,無糖茶寶特瓶系列580ml x2箱(共48入;24入/箱),57折,799,309,,0,309,是,100.0
2026/08/09,14:00,15142229,IENA,造型防曬輕薄外套（#6293002#6293003#6293004 網路獨家款、清新風、透氣、透膚感）,26折,880,294,,0,294,是,100.0
2026/08/09,14:00,8065220,Casa 卡薩,嚴選綜合濾掛式咖啡9gX100入,5折,699,252,,0,252,是,100.0
2026/08/09,14:00,13720400,PUMA,男女運動休閒鞋 (多款選),41折,999,244,,0,244,是,100.0
2026/08/09,14:00,12541993,Sastty,利尻昆布染髮劑200gx2入,5折,1580,236,,0,236,是,100.0
2026/08/09,14:00,10362698,花王,NEW柔舒蒸氣眼罩72入,55折,1299,209,,0,209,是,100.0
2026/08/09,14:00,12760591,ALIANZA,艾利安莎西班牙原裝進口酪梨油1000mlx3入,64折,1080,208,,0,208,是,100.0
2026/08/09,14:00,7735769,安美諾,美白修護霜2入組,64折,5800,197,,0,197,是,100.0
2026/08/09,14:00,14905461,理膚寶水,極效B5彈潤超修復精華,35折,3226,195,,0,195,是,100.0
2026/08/09,14:00,14472326,WOKY沃廚,VERVE聯名_純鈦零秒瓶780ml,66折,1580,194,,0,194,是,100.0
2026/08/09,14:00,10446671,天使娜拉,EX膠原蛋白粉x14盒(15包/盒/牛奶),2折,3750,190,,0,190,是,100.0
2026/08/09,14:00,15122334,台南趣淘漫旅,4人入住豪華景觀房★贈超商抵用+水庫門票+館內冒險活動6項,18折,2599,186,,0,186,是,100.0
2026/08/09,14:00,14273693,黛珂,裸光訂製眼彩盤,9折,1485,185,,0,185,是,100.0
2026/08/09,14:00,6382987,SENTOSA 三多,金盞花葉黃素Plus蝦紅素軟膠囊3入組,65折,1880,183,,0,183,是,100.0
2026/08/09,14:00,15488168,Branden,SAFEPLUS輕量安心防盜側背包(快倉限定),81折,1749,180,,0,180,是,100.0
2026/08/09,14:00,8106681,Panasonic 國際牌,610公升新一級能源效率三門變頻冰箱-絲紋灰(NR-C611XV-L),8折,31888,166,,0,166,是,100.0
2026/08/09,14:00,14500645,NEW BALANCE,530SG_復古運動鞋_白銀,71折,2199,142,,0,142,是,100.0
2026/08/09,14:00,15175757,Philips 飛利浦,X5012電鬍刀+HX2411音波牙刷,81折,3188,135,,0,135,是,100.0
2026/08/09,14:00,11833395,美博士,專業隔離清爽防曬4入組,36折,1999,135,,0,135,是,100.0
2026/08/09,14:00,8133411,大研生醫,德國頂級魚油3入組(60粒/入.陳美鳳&權威醫生共同推薦),37折,2499,123,,0,123,是,100.0
2026/08/09,14:00,15516037,MON’S,漫遊花境收腰長洋裝(任選),35折,899,100,,0,100,是,100.0
2026/08/09,14:00,7679325,船井生醫,極纖錠獨家增量版4盒(共448顆)+夜孅2袋(共40顆),27折,4499,100,,0,100,是,100.0
2026/08/09,14:00,12177151,FL 生活+,46公升特大款耐重收納箱,33折,1899,87,,0,87,是,100.0
2026/08/09,14:00,15279457,京城之霜,超鳳凰抗老淡斑安瓶4盒組,23折,2750,79,,0,79,是,100.0
2026/08/09,14:00,14952545,Philips 飛利浦,星視界Plus透視蒸氣海星氣炸鍋7.2L_NA547/07,76折,9990,63,,0,63,是,100.0
2026/08/09,14:00,4892335,統一LP33,健字號益生菌膠囊30顆*10盒,57折,6888,56,,0,56,是,100.0
2026/08/09,14:00,14752389,Marshall,Stockwell II攜帶式藍牙喇叭 公司貨(古銅黑),62折,4999,55,,0,55,是,100.0
2026/08/09,14:00,14411766,安耐曬,金鑽防曬露NA 5X版 60mLx2入組,47折,909,52,,0,52,是,100.0
2026/08/09,14:00,15328933,Tiger Family,升級輕盈輕量護脊書包-摺疊版(高年級140CM以上適用 35L),74折,2970,52,,0,52,是,100.0
2026/08/09,14:00,12910243,娘家,消費高手好關鍵Ex PLUS 4盒,62折,7188,49,,0,49,是,100.0
2026/08/09,14:00,15430290,IDEA,山嵐藤編透氣休閒躺椅,32折,2480,46,,0,46,是,100.0
2026/08/09,14:00,9709582,船井生醫,成長關健牛奶鈣魚膠原粉3盒(共150包),39折,6111,46,,0,46,是,100.0
2026/08/09,14:00,13768115,歌林,12KG蒸洗脫烘變頻洗衣機,73折,12490,41,,0,41,是,100.0
2026/08/09,14:00,15336298,Shark,TURBOBLADE TF200 3D雙氣流無葉風扇,8折,7990,40,,0,40,是,100.0
2026/08/09,14:00,13683197,HyRead Gaze Pro X 10.3吋電子紙閱讀器,HyRead Gaze Pro X 10.3吋電子紙閱讀器,89折,16568,29,,0,29,是,100.0
2026/08/09,14:00,14504452,OASIS,製冰塊瞬冰溫熱淨飲機,5折,9999,26,,0,26,是,100.0
2026/08/09,14:00,15072380,Apple,2026 iPad Air M4晶片/11吋/WiFi/128G,93折,23900,25,,0,25,是,100.0
2026/08/09,14:00,14833199,HP 惠普,15吋R5文書追劇一把罩 高CP筆電,61折,15999,18,,0,18,是,100.0
2026/08/09,14:00,11029279,東元,7-8坪一級變頻冷暖,69折,27900,9,,0,9,是,100.0
2026/08/09,14:00,12836521,日立,7-9坪一級變頻冷暖空調,74折,34590,8,,0,8,是,100.0
2026/08/09,14:00,15532704,Samsung 三星,Galaxy Z Fold8 5G 7.6吋,9折,59900,4,,0,4,是,100.0
2026/08/09,18:00,15159979,SUNS,抗UV400外掛式折疊墨鏡/太陽眼鏡,14折,448,935,,0,935,是,100.0
2026/08/09,18:00,9929266,m2美度,超能膠原飲8盒囤貨組(8入/盒),37折,5080,485,,0,485,是,100.0
2026/08/09,18:00,7768493,寵物夢工廠,寵物尿布墊*8包,42折,849,468,,0,468,是,100.0
2026/08/09,18:00,5642941,橘子工坊,制菌洗衣精6包,58折,1099,449,,0,449,是,100.0
2026/08/09,18:00,10434333,朵舒,極致厚柔大3層120抽x60包,43折,789,429,,0,429,是,100.0
2026/08/09,18:00,14315993,PONY,STARRY 防水洞洞鞋(男女任選),34折,477,419,,0,419,是,100.0
2026/08/09,18:00,10138823,高坑肉乾,任選3包(原味/辣味高梁酒牛or豬肉角)(160g/包),79折,595,391,,0,391,是,100.0
2026/08/09,18:00,13740632,HETRAS,飯店療癒沐浴2入,48折,579,345,,0,345,是,100.0
2026/08/09,18:00,6797665,宜蘭神農包子,經典人氣任選30顆,75折,675,345,,0,345,是,100.0
2026/08/09,18:00,14401707,雅頓,21天霜 75ml 兩入組,16折,769,303,,0,303,是,100.0
2026/08/09,18:00,14208908,Le Creuset,Gourmand專業迷你鑄鐵鍋具3入組,33折,3999,299,,0,299,是,100.0
2026/08/09,18:00,15292474,凱撒飯店聯合券,4館通用餐飲券(適用台北凱撒/台北凱達/新板希爾頓/板橋凱撒),47折,818,297,,0,297,是,100.0
2026/08/09,18:00,14535327,PROJEXT,現貨 抗UV涼感防曬外套 防蚊 抗菌抗臭 Xolar Cool UV Protection Jacket 官方直營,72折,2088,294,,0,294,是,100.0
2026/08/09,18:00,11961955,費爾先生,有機蘋果醋946mlx3瓶,53折,1049,275,,0,275,是,100.0
2026/08/09,18:00,13123458,高露潔,抗敏專家牙膏10入,31折,899,258,,0,258,是,100.0
2026/08/09,18:00,14217313,OLAY,水光小白瓶30ml-2入,57折,1379,252,,0,252,是,100.0
2026/08/09,18:00,15131617,adidas 愛迪達,DURAMO 系列跑鞋 運動鞋 慢跑鞋 男鞋/女鞋 多款任選 (KH7331/KH5314/KH5315),43折,1090,243,,0,243,是,100.0
2026/08/09,18:00,10510391,雅詩蘭黛,原生露400ml,54折,4600,243,,0,243,是,100.0
2026/08/09,18:00,15477277,巴黎萊雅,紫熨斗撫紋眼霜2入,63折,1699,160,,0,160,是,100.0
2026/08/09,18:00,14440581,LA NEW,獨家神鞋7代★輕便鞋/休閒鞋(男女/多款),33折,899,110,,0,110,是,100.0
2026/08/09,18:00,9160554,好菌家,黑暢酵益生菌2袋(30入/袋),51折,2260,105,,0,105,是,100.0
2026/08/09,18:00,10338884,娘家,大紅麴6盒(共180顆),76折,13188,96,,0,96,是,100.0
2026/08/09,18:00,11387568,雨揚,2026大藏經普渡大法會-全家6名,48折,3860,76,,0,76,是,100.0
2026/08/09,18:00,15227107,PP 石墨烯,石墨烯粒線修復女內褲4件,33折,3688,63,,0,63,是,100.0
2026/08/09,18:00,6480933,禾聯,14吋智能變頻DC風扇 HDF-14A3,4折,999,56,,0,56,是,100.0
2026/08/09,18:00,14170343,喬治亞高加索有機酸櫻桃原液750ml*6瓶,喬治亞高加索有機酸櫻桃原液750ml*6瓶,32折,2360,48,,0,48,是,100.0
2026/08/09,18:00,15338067,BRAUN 百靈,新5系列PRO電鬍刀-智慧清潔充電座款,63折,5688,48,,0,48,是,100.0
2026/08/09,18:00,11960917,禾聯,7.5KG直立洗衣機,71折,4999,42,,0,42,是,100.0
2026/08/09,18:00,15489437,DJI,Osmo Nano隨行套裝(128GB) 運動相機/迷你相機｜續航200分｜自帶卡槽(聯強國際貨),93折,9999,27,,0,27,是,100.0
2026/08/09,18:00,14032453,Panasonic 國際牌,12公升雙變頻智能除濕機★獨家奶茶色,6折,11999,18,,0,18,是,100.0
2026/08/09,18:00,14850929,BenQ,27型 2K 200Hz護眼螢幕,79折,5588,14,,0,14,是,100.0
2026/08/09,18:00,15469577,Acer,送羅技滑鼠★16吋Ryzen AI 5月銀白,86折,32688,10,,0,10,是,100.0
2026/08/09,18:00,13956187,聲寶瑞智,4-6坪一級變頻冷專空調,77折,16900,5,,0,5,是,100.0
2026/08/09,22:00,11808107,FOOTER,6入組-運動氣墊中筒/船短/高筒襪,54折,919,457,,0,457,是,100.0
2026/08/09,22:00,15224622,UNDER ARMOUR,UA 男鞋 女鞋 Charged Rogue 5 SE 慢跑鞋 運動鞋,35折,1080,455,,0,455,是,100.0
2026/08/09,22:00,3946059,白鴿,濃縮抗菌洗衣精4瓶,59折,815,369,,0,369,是,100.0
2026/08/09,22:00,14177486,3M,細滑牙線棒1200支,6折,911,272,,0,272,是,100.0
2026/08/09,22:00,13088688,御復珍,momo獨家杏仁粉12道研磨6+1優惠組,3折,1169,262,,0,262,是,100.0
2026/08/09,22:00,13901279,MIT iLook,冰冰被/冰絲床包-2入組,21折,918,260,,0,260,是,100.0
2026/08/09,22:00,14967318,MEDITHERAPY,玻尿酸精華,29折,959,242,,0,242,是,100.0
2026/08/09,22:00,10072188,百靈油,25ML*2+滾珠空瓶*2 共50ML,56折,1150,170,,0,170,是,100.0
2026/08/09,22:00,14434857,摩洛哥優油買100送200ml,摩洛哥優油買100送200ml,34折,1799,134,,0,134,是,100.0
2026/08/09,22:00,8426761,ON 歐恩,金牌乳清蛋白5磅(多口味可選),81折,3249,120,,0,120,是,100.0
2026/08/09,22:00,14494680,風神科技,12V涼感空調服反光背心,28折,2590,114,,0,114,是,100.0
2026/08/09,22:00,10932651,朵舒,100%美國棉飯店大浴巾四件組,53折,899,104,,0,104,是,100.0
2026/08/09,22:00,15019973,法之羽,黑燦養髮液2入組(升級版),48折,3880,103,,0,103,是,100.0
2026/08/09,22:00,15401638,契爾氏,激光極淨白淡斑精華50ml,28折,2736,85,,0,85,是,100.0
2026/08/09,22:00,11188381,伊萊克斯,Pure A9.2高效能抗菌空氣清淨機EP71-56,48折,11111,75,,0,75,是,100.0
2026/08/09,22:00,15099269,阿財伯,泰國金枕頭冷凍榴槤肉10盒(原裝進口),49折,1749,66,,0,66,是,100.0
2026/08/09,22:00,15136049,m2美度,超能膠原加法膠囊 4盒組(30入/盒),53折,3380,61,,0,61,是,100.0
2026/08/09,22:00,10839402,COACH,x MICHAEL KORS 經典斜背包/肩背包/兩用包(多款),95折,3788,56,,0,56,是,100.0
2026/08/09,22:00,14872443,Apple,A+級福利品 iPhone 16 Plus 128G 6.7吋(90%電池),87折,19500,26,,0,26,是,100.0
2026/08/09,22:00,13560155,Philips,LatteGo 雙溫萃取全自動義式咖啡機,74折,22900,19,,0,19,是,100.0
2026/08/09,22:00,12504165,Segway,電動滑板車E2 Pro,68折,15588,17,,0,17,是,100.0
2026/08/09,22:00,9164453,立得清,酒精擦濕巾12包,58折,899,9,,0,9,是,100.0
2026/08/09,22:00,14671799,Apple,Apple Watch S11 GPS 46mm,93折,13499,7,,0,7,是,100.0
2026/08/09,22:00,13200699,居家安全,1對2 防水遠距離呼叫無線門鈴,66折,599,7,,0,7,是,100.0
2026/08/09,22:00,12742602,聯碩,3-5坪一級變頻冷暖空調,56折,14590,2,,0,2,是,100.0
2026/08/09,22:00,13352709,歌林,四重濾水壺3.8L(1壺13芯),45折,1599,0,,0,0,是,0.0
2026/08/10,00:00,15452135,Taylor,Deep water 西梅果汁飲 180ml*6瓶/組,6折,539,551,,0,551,是,100.0
2026/08/10,00:00,15508070,NIKE,BIG NIKE 復古休閒鞋,59折,1599,491,,0,491,是,100.0
2026/08/10,00:00,14610469,COVERNAT,男女款Logo短袖-多款可選,59折,711,378,,0,378,是,100.0
2026/08/10,00:00,15290165,PP 石墨烯,石墨烯粒線修復內衣3件,3折,3688,370,,0,370,是,100.0
2026/08/10,00:00,10371748,娘家官方直營,益生菌3盒組(40包/盒),53折,3188,279,,0,279,是,100.0
2026/08/10,00:00,13286234,adidas 愛迪達,精選運動鞋 跑鞋 慢跑鞋 男鞋/女鞋 多款任選(GZ8184/G58098/IE8803/ID6516),37折,999,265,,0,265,是,100.0
2026/08/10,00:00,15287902,王品集團,火鍋.中餐《瘋鍋氣》1600元抵用券(聚/青花驕/和牛涮/尬鍋/享鴨/丰禾/莆田),86折,1388,261,,0,261,是,100.0
2026/08/10,00:00,13247426,寶拉珍選,2%水楊酸精華液2入,7折,1699,233,,0,233,是,100.0
2026/08/10,00:00,15437770,飲后,超孅飲6盒(15包/盒),36折,2830,171,,0,171,是,100.0
2026/08/10,00:00,14862166,修麗可,AGE賦活緊緻精華禮盒組,9折,4671,146,,0,146,是,100.0
2026/08/10,00:00,15437091,SK-II,xCRYBABY青春露聯名禮盒,67折,6072,129,,0,129,是,100.0
2026/08/10,00:00,9609907,芭比波朗,全面升級★維他命超完美乳霜50ml(#底妝救星),75折,2600,92,,0,92,是,100.0
2026/08/10,00:00,14654892,艾瑪絲,洗髮精1000ml 3入組,6折,1999,91,,0,91,是,100.0
2026/08/10,00:00,10843504,SCANDINAVIAN FOREST 北歐小刺蝟,休閒鞋 / 老爹鞋 / 增高鞋 / 厚底鞋 / 麵包鞋 / 女鞋(多款任選),76折,1980,80,,0,80,是,100.0
2026/08/10,00:00,13948352,STAUB,鑄鐵雙鍋組飯鍋+圓鍋,47折,4999,65,,0,65,是,100.0
2026/08/10,00:00,15230014,石頭科技,F25 RT GEN 2小白鯊零纏繞洗地機,93折,6999,46,,0,46,是,100.0
2026/08/10,00:00,13663845,Suntory 三得利,固力伸 葡萄糖胺 30日份 x 2罐(360錠_原廠購入有防偽標籤),77折,2790,45,,0,45,是,100.0
2026/08/10,00:00,9209113,三得利,蜜得絲鎖濕菁華2入,74折,4799,40,,0,40,是,100.0
2026/08/10,00:00,11311189,LG,樂金新革新超淨化大白抗敏空氣清淨機,55折,7099,39,,0,39,是,100.0
2026/08/10,00:00,15078200,娘家,嚴選冷凍滴雞精33入雙禮盒,53折,4380,30,,0,30,是,100.0
2026/08/10,00:00,15143733,華碩,14吋Core 5輕薄16G,75折,18999,28,,0,28,是,100.0
2026/08/10,00:00,14267981,TCL,75型 4K QLED 144Hz 量子智慧TV,61折,26900,24,,0,24,是,100.0
2026/08/10,00:00,15224261,茶樹莊園,過碳酸鈉萬用去汙粉660gx五包,43折,499,22,,0,22,是,100.0
2026/08/10,00:00,12809708,Style,健康護脊電腦椅(雲感款),68折,16999,4,,0,4,是,100.0
2026/08/10,00:00,11135282,台灣三洋,4-6坪一級變頻冷暖空調,7折,16900,1,,0,1,是,100.0
2026/08/10,00:00,15511112,Samsung 三星,Galaxy Z Flip8 5G 512G,86折,38900,1,,0,1,是,100.0
2026/08/10,07:00,15236172,舒潔,熱銷霸王抽取110抽x60包x2箱,5折,1510,357,311,245,112,否,31.4
2026/08/10,07:00,13279705,ARIEL,抗菌抗臭洗衣精2+6組,57折,799,498,467,416,82,否,16.5
2026/08/10,07:00,7266941,鮮綠生活,台南XL超大片去刺虱目魚肚共7片,35折,999,310,274,237,73,否,23.5
2026/08/10,07:00,9621690,Oral-B,PRO1 3D電動牙刷+兩年份刷頭,45折,1490,200,164,140,60,否,30.0
2026/08/10,07:00,12914393,Chic Chic 琪琪,多款任選★升級零感提拉無痕內衣,4折,638,499,476,443,56,否,11.2
2026/08/10,07:00,8085585,五桔國際,綜合堅果450gx3包,55折,829,491,468,441,50,否,10.2
2026/08/10,07:00,10558277,台東初鹿,原味保久乳200mlx24入/箱,76折,769,399,384,360,39,否,9.8
2026/08/10,07:00,14069123,American Explorer 美國探險家,29吋 前開式行李箱 可擴充 剎車飛機輪 雙層拉鏈 上掀式 TSA鎖 CF8 旅行箱,41折,2368,88,77,53,35,否,39.8
2026/08/10,07:00,12012630,Cetaphil,潤膚乳 591mlx4入,19折,1112,268,254,233,35,否,13.1
2026/08/10,07:00,10822679,聖萊西,MamaMia貓餐罐85g*48入組,42折,899,500,474,465,35,否,7.0
2026/08/10,07:00,13286234,adidas 愛迪達,精選運動鞋 跑鞋 慢跑鞋 男鞋/女鞋 多款任選,37折,999,199,186,166,33,否,16.6
2026/08/10,07:00,13244428,ZOJIRUSHI 象印,買1送1 不鏽鋼彈開式600ml+600ml(SM-SK60EMD+SM-SK60EMD),35折,1288,188,169,155,33,否,17.6
2026/08/10,07:00,11659902,潘婷,爆水膠囊護髮膜 64入,35折,1111,229,216,203,26,否,11.4
2026/08/10,07:00,13901279,MIT iLook,冰冰被/冰絲床包-2入組,21折,918,330,324,306,24,否,7.3
2026/08/10,07:00,14383417,Logitech 羅技,ALTO KEYS K98M機械式鍵盤,92折,2490,75,66,52,23,否,30.7
2026/08/10,07:00,15310281,TOMMY HILFIGER,多功能POLO衫,32折,1099,249,237,228,21,否,8.4
2026/08/10,07:00,15101343,Tefal 特福,法製精悍炒鍋28cm,54折,3199,100,93,82,18,否,18.0
2026/08/10,07:00,14133892,挺立,樂活高鈣強力錠+K2配方 3盒組(95錠/盒-鍾欣凌推薦 升級配方 新添加維生素K2),83折,2505,200,195,185,15,否,7.5
2026/08/10,07:00,14639455,Apple,iPhone 17 Pro(256G/6.3吋)(45W雙孔閃充組),94折,38400,47,39,32,15,否,31.9
2026/08/10,07:00,14747971,Laifen,SE2 高速負離子吹風機,61折,2888,50,43,36,14,否,28.0
2026/08/10,07:00,14951103,Branden,SAFEPLUS輕量安心防盜後背包,75折,2590,115,106,101,14,否,12.2
2026/08/10,07:00,10968457,資生堂美髮,極光綻色洗髮露500ml,31折,1248,150,143,137,13,否,8.7
2026/08/10,07:00,13535014,微星平台,R5文書機(R5-3400G/16G/512G),85折,9999,21,17,11,10,否,47.6
2026/08/10,07:00,10689278,SK-II,青春露330ml送10禮,54折,7761,200,197,192,8,否,4.0
2026/08/10,07:00,10343393,元大珠寶黃金一錢金塊金條 十三選一(獨家與白沙屯媽祖授權聯名),元大珠寶黃金一錢金塊金條 十三選一(獨家與白沙屯媽祖授權聯名),95折,18688,93,93,86,7,否,7.5
2026/08/10,07:00,14257015,AOC,55型 4K QD MiniLED Google量子點智慧TV,41折,11111,35,31,29,6,否,17.1
2026/08/10,07:00,15114843,Philips 飛利浦,S5889智能電鬍刀-全能旗艦組,54折,5488,100,96,94,6,否,6.0
2026/08/10,07:00,15543359,NIKE 耐吉,VOMERO PREMIUM 全掌氣墊跑鞋 慢跑鞋 運動鞋 緩震 (多款選),72折,5199,100,97,95,5,否,5.0
2026/08/10,07:00,14922617,YouBest 優倍多,蔓越莓益生菌 5入(共150包),44折,2088,65,63,61,4,否,6.2
2026/08/10,07:00,8141534,大研生醫,德國頂級魚油10入組(600粒.陳美鳳&權威醫生共同推薦),4折,7950,100,100,98,2,否,2.0
2026/08/10,07:00,11620837,雨揚,2026中元補運招財法會-補運/補財庫大組,5折,2060,22,21,20,2,否,9.1
2026/08/10,07:00,10958352,好奇,小森林尿布 (好眠褲/好動褲/黏貼型),82折,1398,2,1,1,1,否,50.0
2026/08/10,07:00,15543249,MSI 微星,15.6吋C7 RTX5060輕薄電競,82折,46999,15,15,15,0,否,0.0
2026/08/10,07:00,14359839,BURTLE 巴特雷,涼感風扇空調服背心含電池,84折,8490,10,9,48,0,否,0.0
2026/08/10,07:00,13881007,NETGEAR,Orbi RBE773 BE11000 三頻 WiFi 7 Mesh 延伸系統 路由器 +2衛星(1.5GHz 四核 + 2GB RAM),46折,16994,34,34,34,0,否,0.0
2026/08/10,07:00,15528652,星巴克,大杯焦糖瑪奇朵(兌換冰熱任選),78折,125,2,2,2,0,否,0.0
2026/08/10,07:00,11405576,雨沐HOOMUA,經典前開式雨衣防滲水升級版,4折,399,1,949,895,0,否,0.0
2026/08/10,11:00,13092955,幫寶適,一級幫散熱拉拉褲/黏貼尿布2箱,8折,2298,499,,0,499,是,100.0
2026/08/10,11:00,12502187,好來,全亮白進階款牙膏12入,47折,649,399,359,319,80,否,20.1
2026/08/10,11:00,15051259,芝初,8倍細高鈣黑芝麻粉3+3分享組,57折,1169,274,245,198,76,否,27.7
2026/08/10,11:00,11150640,好奇,純水濕巾30包,65折,1029,110,74,42,68,否,61.8
2026/08/10,11:00,9044965,Amy的私人廚房,昆布高湯2入,6折,699,447,423,400,47,否,10.5
2026/08/10,11:00,15376430,新竹國賓大飯店,八方燴西餐廳★平日下午茶吃到飽,72折,719,412,389,369,43,否,10.4
2026/08/10,11:00,11761101,IMPACT 怡寶,輕量成長型／閃耀星空輕量護脊書包｜momo限定｜120cm以上(國小 小學 兒童 學生),53折,1611,116,92,79,37,否,31.9
2026/08/10,11:00,11724005,ONEHOUSE五開門折疊收納箱4入,ONEHOUSE五開門折疊收納箱4入,45折,1499,180,170,143,37,否,20.6
2026/08/10,11:00,15248937,雅詩蘭黛,小棕瓶100ml買1送1(國際航空版),25折,4011,91,80,64,27,否,29.7
2026/08/10,11:00,14906346,CIAO,啾嚕肉泥綜合桶50入*2組,6折,899,499,485,474,25,否,5.0
2026/08/10,11:00,15007680,Teamson,磁吸軌道小火車豪華組159PCS,43折,950,296,282,272,24,否,8.1
2026/08/10,11:00,8865338,佳德,鳳梨酥禮盒12入x2盒,78折,1099,279,269,258,21,否,7.5
2026/08/10,11:00,15137218,華碩,15.6吋Core5輕薄16G,79折,19999,47,35,28,19,否,40.4
2026/08/10,11:00,13905679,TiANN 鈦安,專利萬用鈦砧板 大+中款(砧盤/沾板/切菜板/烘焙烤盤/露營餐盤),72折,2980,99,92,85,14,否,14.1
2026/08/10,11:00,14224016,NEW BALANCE,2010復古鞋/運動鞋_多款任選,53折,2599,196,189,182,14,否,7.1
2026/08/10,11:00,6686848,HERAN禾聯,20000Pa無線手持吸塵器HVC-23E6B,47折,2699,100,92,88,12,否,12.0
2026/08/10,11:00,14366880,YOMIX 優迷65W氮化鎵四合一手錶自帶線快充充電器,YOMIX 優迷65W氮化鎵四合一手錶自帶線快充充電器,53折,849,180,175,168,12,否,6.7
2026/08/10,11:00,12874651,NEOFLAM,momo獨家陶瓷輕量IH雙鍋組28炒鍋含蓋+24平底鍋,22折,1099,500,491,488,12,否,2.4
2026/08/10,11:00,9929266,m2 美度,超能膠原飲8盒囤貨組(64入),37折,5080,500,491,488,12,否,2.4
2026/08/10,11:00,10908299,象印,6人份多段式壓力IH電子鍋,57折,7990,50,43,39,11,否,22.0
2026/08/10,11:00,10063303,TRUU,酵母潔顏露2入,41折,1899,200,195,190,10,否,5.0
2026/08/10,11:00,8479508,i-Rocks人體工學椅,i-Rocks人體工學椅,59折,8399,35,29,26,9,否,25.7
2026/08/10,11:00,14951759,理膚寶水,MELA B3 淡斑精華,36折,3865,197,191,189,8,否,4.1
2026/08/10,11:00,15249732,少年讀臺灣：認識歷史、地理、生態及文化（隨書贈《我的臺灣探究筆記》),少年讀臺灣：認識歷史、地理、生態及文化（隨書贈《我的臺灣探究筆記》),55折,1064,161,157,154,7,否,4.3
2026/08/10,11:00,6941241,ISHUR 伊舒爾,3M防潑水記憶單人折疊床墊,5折,999,340,336,334,6,否,1.8
2026/08/10,11:00,14276041,Apple,A+級福利品 iPhone 16 Pro 128G 6.3吋,89折,24688,11,8,6,5,否,45.5
2026/08/10,11:00,13530351,華陀扶元堂,龜鹿雙寶葡萄糖胺飲EX-輕巧包10盒組,92折,3888,80,76,76,4,否,5.0
2026/08/10,11:00,15425248,蘭蔻,超極限小黑瓶PRO50ml,37折,4185,150,147,146,4,否,2.7
2026/08/10,11:00,14835718,麥雪爾,薄款萊賽爾錐形褲(多色選),37折,1280,235,233,231,4,否,1.7
2026/08/10,11:00,12844269,大研生醫,德國專利苦瓜胜膠囊6入組(360粒.陳美鳳代言.專利苦瓜胜x肉桂萃取物),36折,5450,100,98,98,2,否,2.0
2026/08/10,11:00,11121923,富士通,2-4坪一級變頻冷暖空調,47折,18888,10,10,9,1,否,10.0
2026/08/10,11:00,8333154,3M,S301三道式淨水器特惠組,63折,9111,1,0,0,1,是,100.0
2026/08/10,11:00,15543248,MSI 微星,15.6吋C7 RTX5070熱銷電競,91折,49999,15,15,15,0,否,0.0
2026/08/10,14:00,15491285,OBgE,控油清爽防曬棒2入組,6折,919,325,274,244,81,否,24.9
2026/08/10,14:00,15087578,Gelovery Gift,北海道十勝KANEKA生乳捲2條,45折,499,599,558,527,72,否,12.0
2026/08/10,14:00,9688786,Kotex 靠得住,晚安好眠褲/日用懶人褲 M-XL(多款選),39折,639,777,732,709,68,否,8.8
2026/08/10,14:00,10729530,鍋寶,316不鏽鋼調理鍋3鍋6件組,33折,990,304,280,254,50,否,16.4
2026/08/10,14:00,13258563,白蘭,香氛洗衣球超值組172顆,57折,629,494,464,446,48,否,9.7
2026/08/10,14:00,9683295,台灣好田,香檬原汁300mlX6瓶,49折,899,346,317,300,46,否,13.3
2026/08/10,14:00,15234910,GUXON,迷你冰敷手持扇 GXFMINI02,6折,600,448,419,403,45,否,10.0
2026/08/10,14:00,13123458,高露潔,抗敏專家牙膏10入,31折,899,300,268,257,43,否,14.3
2026/08/10,14:00,15312736,滿意寶寶,TOMICA&哆啦A夢輕巧褲L-XL,63折,1198,499,471,456,43,否,8.6
2026/08/10,14:00,14035038,鐵鎚,除臭貓砂40磅x2組,55折,1099,499,476,462,37,否,7.4
2026/08/10,14:00,12161679,日本桃雪,飯店大毛巾4件組,31折,999,102,83,73,29,否,28.4
2026/08/10,14:00,9738883,銀寶善存,50+男性/女性綜合維他命2盒,78折,1799,200,188,178,22,否,11.0
2026/08/10,14:00,15183897,Crocs,Offroad 經典洞洞鞋,48折,1399,192,181,176,16,否,8.3
2026/08/10,14:00,14456332,蘿拉蜜思,煥顏透明蜜粉29gx3入,29折,1599,199,189,183,16,否,8.0
2026/08/10,14:00,13799375,Simply 新普利,超級夜酵素DX 100顆(x2盒),37折,4180,500,489,484,16,否,3.2
2026/08/10,14:00,11141670,髮速黑,免沖洗黑髮套組(遮白髮),72折,1999,200,189,184,16,否,8.0
2026/08/10,14:00,13615633,DR.WU,玻尿酸保濕精華液2入組,5折,1600,200,188,186,14,否,7.0
2026/08/10,14:00,13892968,WEDGWOOD,英倫寢具天絲床包枕套組,23折,1999,99,92,88,11,否,11.1
2026/08/10,14:00,15253180,URUHIMEMOMOKO 潤姬桃子,潤姬桃子30入x3盒,96折,2784,200,196,191,9,否,4.5
2026/08/10,14:00,13913204,飛利浦,14.2L抗敏清淨除濕機-DE5306,64折,8999,48,45,40,8,否,16.7
2026/08/10,14:00,12787780,德國Emma,日式折疊床墊-單人,61折,3999,100,96,93,7,否,7.0
2026/08/10,14:00,13590953,白蘭氏,官方直營 全新保捷三合一EX 30顆x5盒,78折,7722,40,35,34,6,否,15.0
2026/08/10,14:00,12102840,RayBan 雷朋,經典飛行員墨鏡/太陽眼；多款任選,67折,4888,100,97,95,5,否,5.0
2026/08/10,14:00,15325345,Samsung 三星,Galaxy S26 Ultra 5G 6.9吋(12G/256G/Snapdragon 8 Elite Gen 5/2億鏡頭畫素/AI手機),93折,37120,28,24,23,5,否,17.9
2026/08/10,14:00,14660441,FLOKK,HAG Capisco Puls工學椅,45折,16999,59,56,55,4,否,6.8
2026/08/10,14:00,13244470,小米,75型4K Mini LED 杜比智慧聯網TV,76折,22999,35,31,31,4,否,11.4
2026/08/10,14:00,15518527,MSI 微星,15.6吋i7 RTX4050入門電競,82折,35999,15,13,12,3,否,20.0
2026/08/10,14:00,14366680,Abee 快譯通,iFLYTEK AI外語助教辭典筆DP-588,85折,5999,40,38,37,3,否,7.5
2026/08/10,14:00,11658969,Canon,PowerShot V10 數位相機 VLOG相機(公司貨),49折,11390,14,12,12,2,否,14.3
2026/08/10,14:00,14478818,LA NEW,品牌週獨家↘舒適減壓真皮休閒鞋(多款),42折,2288,200,198,198,2,否,1.0
2026/08/10,14:00,15491298,麥當勞,麥克雞塊 (10塊)+薯條(大)+可樂(中),7折,149,2,1,1,1,否,50.0
2026/08/10,14:00,14208908,Le Creuset,Gourmand 專業迷你鑄鐵鍋具3入組,33折,3999,300,300,299,1,否,0.3
2026/08/10,14:00,14333848,Tefal 特福,瑪黑不沾深煎鍋30CM,37折,999,1,976,963,0,否,0.0
2026/08/10,14:00,14417185,Philips 飛利浦,600W 攜帶式儲能行動電源 DLP8093C,62折,13111,9,9,9,0,否,0.0
2026/08/10,14:00,15379808,萬播,TOGO PRO 行動投影機+專用收納包,73折,7888,50,50,50,0,否,0.0
2026/08/10,14:00,14463274,PP 石墨烯,石墨烯塑崩褲全系列任選2件,33折,4688,88,88,88,0,否,0.0
2026/08/10,18:00,12516094,高露潔,全效牙膏8入,34折,699,400,366,288,112,否,28.0
2026/08/10,18:00,13640189,Calbee 卡樂比,任選薯條三兄弟2入(原味/玉米),61折,599,482,426,379,103,否,21.4
2026/08/10,18:00,13100507,高露潔,抗敏感牙膏120gx16入,33折,899,300,268,207,93,否,31.0
2026/08/10,18:00,11150640,好奇,純水濕巾30包,65折,1029,112,72,24,88,否,78.6
2026/08/10,18:00,12214847,Chic Chic 琪琪,下殺50/件★10入抑菌無痕女內褲(多款選),42折,499,295,259,226,69,否,23.4
2026/08/10,18:00,15271389,舒潔,棉柔厚韌三層110抽x30包x2箱,41折,1079,800,772,736,64,否,8.0
2026/08/10,18:00,13240324,皇家東方泰,泰式古法全身舒壓100分鐘★贈眼部熱敷(假日不加價),28折,899,157,134,105,52,否,33.1
2026/08/10,18:00,12576226,mo select,可微波密封不鏽鋼保鮮盒5件組,25折,699,139,120,89,50,否,36.0
2026/08/10,18:00,14867617,未來美,早C晚A囤貨組,29折,2186,144,127,104,40,否,27.8
2026/08/10,18:00,14296672,REEBOK,LITE 5 男女慢跑鞋 運動鞋 休閒鞋 (多款選),45折,999,65,52,30,35,否,53.8
2026/08/10,18:00,9773637,Pril 淨麗,小蘇打環保洗碗精/洗滌劑補充包 1000mlx5包,52折,499,300,284,267,33,否,11.0
2026/08/10,18:00,12118491,元氣堂,醣的對策胜月太苦瓜膠囊30粒x6盒,4折,2280,200,185,169,31,否,15.5
2026/08/10,18:00,9621690,Oral-B,PRO1 3D電動牙刷+兩年份刷頭,45折,1490,200,188,170,30,否,15.0
2026/08/10,18:00,14931605,Buffalo 牛頭牌,小牛石英陶不沾鍋炒鍋30cm,33折,950,147,136,119,28,否,19.0
2026/08/10,18:00,14323067,OSIM,護眼樂Air 2,66折,3780,49,38,26,23,否,46.9
2026/08/10,18:00,15024570,FJ豐傑生醫,德國100%膠原蛋白15包/盒x5入(胜級小分子ｘ單方無添加膠原蛋白ｘ水解膠原蛋白),66折,1980,239,228,217,22,否,9.2
2026/08/10,18:00,12569371,Diptyque,淡香精75ml,64折,4199,150,138,129,21,否,14.0
2026/08/10,18:00,11821954,達摩本草,92%高濃度魚油10入（共1200顆),33折,6399,49,42,31,18,否,36.7
2026/08/10,18:00,11145334,STARBUCKS 星巴克,咖啡膠囊10顆x5盒組(口味任選;僅適用於Nespresso Original膠囊咖啡機),95折,1150,260,254,245,15,否,5.8
2026/08/10,18:00,10343393,元大珠寶黃金一錢金塊金條 十三選一(獨家與白沙屯媽祖授權聯名),元大珠寶黃金一錢金塊金條 十三選一(獨家與白沙屯媽祖授權聯名),95折,18688,77,74,64,13,否,16.9
2026/08/10,18:00,14951759,理膚寶水,MELA B3 淡斑精華,36折,3865,200,195,188,12,否,6.0
2026/08/10,18:00,14996773,PP 石墨烯,石墨烯能量護膝2雙(3D立體包覆 穩定支撐),44折,3588,200,197,188,12,否,6.0
2026/08/10,18:00,14645690,健康優見,高單位葉黃素軟膠囊10瓶+贈維生素C1000緩釋錠2瓶,46折,2099,300,294,288,12,否,4.0
2026/08/10,18:00,15273118,A FACTORY 傢俱工場,回彈支撐透氣床墊,25折,1980,80,78,69,11,否,13.8
2026/08/10,18:00,15506513,巴黎萊雅,水光洗/護髮素任選3入,75折,949,320,317,309,11,否,3.4
2026/08/10,18:00,15406670,BRITA官方直營 純淨濾水壺XL(石灰藍)+MXPRO去水垢6入x2(共1壺13芯),BRITA官方直營 純淨濾水壺XL(石灰藍)+MXPRO去水垢6入x2(共1壺13芯),48折,2888,100,93,89,11,否,11.0
2026/08/10,18:00,13907931,微星平台,R7/RTX5060TI電競電腦(R7-7700/32G/1TB),92折,36999,20,14,13,7,否,35.0
2026/08/10,18:00,15530199,FELLOW,Matcha Set抹茶碗套裝組合,7折,3499,30,28,24,6,否,20.0
2026/08/10,18:00,13878318,dyson,HT01二合一吹風直髮器/吹風機(絲絨紅禮盒版),54折,8999,149,149,143,6,否,4.0
2026/08/10,18:00,15464156,HR赫蓮娜,植萃綠寶再生精萃50ml,68折,6500,50,48,44,6,否,12.0
2026/08/10,18:00,15407603,GIANT,LATTE E+ 都會媽咪電動輔助自行車(2027),93折,34388,12,8,7,5,否,41.7
2026/08/10,18:00,15543245,MSI 微星,14吋Ultra 7 355 長續航AI筆電,83折,34900,14,13,10,4,否,28.6
2026/08/10,18:00,14960109,MSI,i5 RTX3050電競★免3萬入手,69折,29900,10,8,6,4,否,40.0
2026/08/10,18:00,13308316,COACH,官方直營 MINI ROWAN/BRYNN/MOLLIE 斜背/肩背/托特包-多款,49折,6288,60,57,56,4,否,6.7
2026/08/10,18:00,12270439,輝葉良品,天胡一號 電動麻將桌HYG-W01_摺疊款全配版,69折,21888,56,55,54,2,否,3.6
2026/08/10,18:00,10958352,好奇,小森林尿布 (好眠褲/好動褲/黏貼型),82折,1398,2,1,1,1,否,50.0
2026/08/10,18:00,10009779,惠而浦,10.5KG變頻滾筒,59折,8999,23,23,22,1,否,4.3
2026/08/10,18:00,15541764,ASUS 華碩,ASUS PAD3K OLED平板電腦(8G/256G),91折,17999,50,49,49,1,否,2.0
2026/08/10,18:00,9744328,台達電子,多功能浴室廁所涼暖風機-豪華300系列遙控型韻律風門-適用3-6坪,49折,7388,200,200,200,0,否,0.0
2026/08/10,22:00,6859685,古寶無患子,育髮秘方洗髮精任4入,41折,499,599,555,525,74,否,12.4
2026/08/10,22:00,15022873,GIORDANO 佐丹奴,男女裝抽繩鬆緊腰涼感短褲(多色任選),46折,369,810,790,765,45,否,5.6
2026/08/10,22:00,3667789,黑豆桑,滷味醬香6入組(缸底醬油/厚黑金醬油 各3入),42折,1199,115,91,78,37,否,32.2
2026/08/10,22:00,15264635,阿原,momo獨家★艾草皂75gx10入,55折,1599,40,20,6,34,否,85.0
2026/08/10,22:00,6867502,Hang Ten,9件組經典彈力男內褲_多款任選(平口褲/三角褲),51折,620,488,468,458,30,否,6.1
2026/08/10,22:00,13229276,農純鄉,新口味上市!寶寶燉飯150gx16入,66折,1280,399,378,371,28,否,7.0
2026/08/10,22:00,3911336,好神拖,手壓/腳踩 旋轉拖把組(1拖+1桶+2布),75折,888,189,172,163,26,否,13.8
2026/08/10,22:00,14434857,摩洛哥優油買100送200ml,摩洛哥優油買100送200ml,34折,1799,200,188,179,21,否,10.5
2026/08/10,22:00,14552511,NEW BALANCE,996_313系列_小童鞋_多款任選(0-4歲),67折,999,149,138,130,19,否,12.8
2026/08/10,22:00,12584101,德國雙人,Enjoy不沾鍋湯鍋20cm附玻璃蓋,3折,999,300,292,282,18,否,6.0
2026/08/10,22:00,15046853,American Explorer 美國探險家,20+28吋 雙開箱 前開式 雙排輪 兩件組 CF39 行李箱 兩用箱 旅行箱,48折,2348,51,41,35,16,否,31.4
2026/08/10,22:00,15051594,POCO X8 Pro Max 6.83 吋 5G(12G/512G/聯發科天璣 9500s /主相機5000 萬畫素,POCO X8 Pro Max 6.83 吋 5G(12G/512G/聯發科天璣 9500s /主相機5000 萬畫素,77折,13999,98,90,85,13,否,13.3
2026/08/10,22:00,15537742,innisfree,維他命C精華,54折,1199,70,60,57,13,否,18.6
2026/08/10,22:00,9316878,京城之霜,60植萃全能乳任選4入,29折,2960,99,88,86,13,否,13.1
2026/08/10,22:00,14019718,成長天地,新實木100cm/120cm兒童書桌椅任選組,52折,8888,95,85,84,11,否,11.6
2026/08/10,22:00,9152341,HERAN 禾聯,熱銷1萬台!最高續航/薄機身濕拖掃地機-mo獨家,49折,2988,97,90,87,10,否,10.3
2026/08/10,22:00,14819088,亞馬生醫,MPE-311靈活粒現5盒,47折,3770,56,50,47,9,否,16.1
2026/08/10,22:00,15346066,MSI 微星,15.6吋i9-14HX RTX5060滿血電競,7折,53999,15,12,10,5,否,33.3
2026/08/10,22:00,13420520,富精多,男性配方 植物性膠囊 60顆/盒 1盒組(精胺酸 肉酸 Q10),69折,5500,9,6,5,4,否,44.4
2026/08/10,22:00,15226163,九陽,瞬熱RO廚下淨水器,45折,22900,28,24,24,4,否,14.3
2026/08/10,22:00,14590061,三星,65型Neo QLED AI顯示器,65折,32900,9,6,6,3,否,33.3
2026/08/10,22:00,10958352,好奇,小森林尿布 (好眠褲/好動褲/黏貼型),82折,1398,2,1,1,1,否,50.0
2026/08/10,22:00,15491298,麥當勞,麥克雞塊 (10塊)+薯條(大)+可樂(中),7折,149,2,1,1,1,否,50.0
2026/08/10,22:00,15503313,Milwaukee 美沃奇,18V電鑽起子機雙機組,78折,15688,11,10,10,1,否,9.1
2026/08/10,22:00,15182453,MSI 微星,32型 VA 180Hz 2K 曲面電競螢幕,77折,5390,29,28,28,1,否,3.4
2026/08/10,22:00,13094241,Herman Miller,Aeron2.0人體工學椅,62折,24888,2,0,1,1,否,50.0
2026/08/10,22:00,6638288,床的世界,涼感天絲乳膠蜂巢式獨立筒床墊,27折,8888,35,35,35,0,否,0.0
2026/08/11,00:00,15491286,麥當勞,大麥克+麥脆雞腿*2+麥克雞塊(6塊)+薯條(中)*2+中可*2,73折,330,985,767,697,288,否,29.2
2026/08/11,00:00,7463058,舒跑,鹼性離子水850mlx3箱(共60入)+贈100mo點,42折,888,330,263,237,93,否,28.2
2026/08/11,00:00,10631397,潘婷,3分鐘奇蹟護髮精華5入組,57折,799,418,381,371,47,否,11.2
2026/08/11,00:00,15106212,STANLEY,官方直營 輕滑速吸水壺0.59L,92折,1180,258,221,212,46,否,17.8
2026/08/11,00:00,12996987,MARDI MERCREDI,印花短TEE 多色 經典小雛菊,68折,950,314,281,271,43,否,13.7
2026/08/11,00:00,6303806,艾可,豆腐貓砂7L-6入,33折,609,112,80,74,38,否,33.9
2026/08/11,00:00,7763758,包大人,瞬吸防漏 黏貼型紙褲,55折,999,901,881,867,34,否,3.8
2026/08/11,00:00,9112474,Vita美國原裝進口酪梨油 1000mlx3瓶,Vita美國原裝進口酪梨油 1000mlx3瓶,72折,1199,259,239,227,32,否,12.4
2026/08/11,00:00,15457201,THE VEGAN 樂維根,經典植物優蛋白 2入組 1KG/袋,6折,1299,449,427,419,30,否,6.7
2026/08/11,00:00,13998594,熊貓金黃金金條0.5錢多種款式任選(黃金金條),熊貓金黃金金條0.5錢多種款式任選(黃金金條),91折,9188,46,19,17,29,否,63.0
2026/08/11,00:00,9835777,台灣第一筷,316不鏽鋼寶筷5雙組,53折,669,446,421,418,28,否,6.3
2026/08/11,00:00,15056655,FILA,韓韶禧代言款 男女慢跑鞋 運動鞋 (多款選),34折,999,240,220,212,28,否,11.7
2026/08/11,00:00,12723306,小米官方旗艦館,無線吸塵器G20Lite,8折,2411,71,50,45,26,否,36.6
2026/08/11,00:00,9787614,韓國Kassel,不沾輕深炒鍋28cm,17折,880,340,319,315,25,否,7.4
2026/08/11,00:00,15236172,舒潔,熱銷霸王抽取110抽x60包x2箱,5折,1510,496,477,471,25,否,5.0
2026/08/11,00:00,15231994,西湖渡假村,仲夏花火節★雙人一泊三食(贈4000元住宿抵用券),19折,3599,128,108,106,22,否,17.2
2026/08/11,00:00,4908380,統一LP33,健字號益生菌膠囊*4盒,62折,2995,147,132,127,20,否,13.6
2026/08/11,00:00,14474472,義美生醫,I•ME•I 還原型CoQ10x3盒(30粒/盒；芯活元氣、日本專利還原型Q10、精神旺盛),68折,1225,132,121,113,19,否,14.4
2026/08/11,00:00,15161141,MEDITHERAPY,修護3入組,3折,959,318,307,299,19,否,6.0
2026/08/11,00:00,14933219,SK-II,肌源賦能煥顏活膚霜100G,58折,4199,99,83,81,18,否,18.2
2026/08/11,00:00,12831408,MarCella 瑪榭,任選3件★集中美胸無鋼圈內衣,6折,1450,500,493,489,11,否,2.2
2026/08/11,00:00,14019529,BRITA,ModelONE+濾芯13芯組,39折,8888,30,21,21,9,否,30.0
2026/08/11,00:00,13352709,Kolin 歌林,四重精濾濾水壺 3.8L+濾芯12入(共13芯/34個月/適用Brita),45折,1599,9,4,0,9,是,100.0
2026/08/11,00:00,15321467,Microsoft 微軟,Office 2024 家用中文版 盒裝(軟體拆封後無法退換貨),82折,4690,77,70,69,8,否,10.4
2026/08/11,00:00,15474746,Samsung 三星,Galaxy A57 5G 6.7吋(12G/256G/Exynos1680/5000萬鏡頭畫素),74折,14590,35,29,28,7,否,20.0
2026/08/11,00:00,13427532,Apple,AirPods 4,84折,4190,50,43,43,7,否,14.0
2026/08/11,00:00,15143441,科沃斯,全新獨家T90 PRO滾筒掃拖機器人,35折,19688,49,45,43,6,否,12.2
2026/08/11,00:00,7364400,Nespresso,獨家輕巧迷你咖啡機Inissia,72折,4000,100,94,94,6,否,6.0
2026/08/11,00:00,13281442,東芝,50型QLED TV,44折,11111,26,21,20,6,否,23.1
2026/08/11,00:00,15346066,MSI 微星,15.6吋i9-14HX RTX5060滿血電競,7折,53999,15,14,12,3,否,20.0
2026/08/11,00:00,15081559,SEAGATE 希捷,新黑鑽12TB外接硬碟,84折,11790,50,50,50,0,否,0.0
2026/08/11,00:00,11666255,YAMAHA 山葉,BWS 125 UBS雙碟 LED霧燈版2026年式,95折,93000,10,10,10,0,否,0.0
2026/08/11,07:00,15039734,王品集團,西堤牛排經典套餐,94折,729,450,362,314,136,否,30.2
2026/08/11,07:00,8986416,UCC,職人系列濾掛式咖啡6盒(共72入;8gx12入/盒;3種風味各2盒),37折,638,470,424,360,110,否,23.4
2026/08/11,07:00,15033421,ARIEL,洗衣球60+30顆組,68折,639,498,456,406,92,否,18.5
2026/08/11,07:00,11777997,AOTTO,免組裝碳鋼折疊梯,5折,499,600,563,521,79,否,13.2
2026/08/11,07:00,10101929,Logitech 羅技,Lift 人體工學垂直藍牙滑鼠,71折,1790,80,55,25,55,否,68.8
2026/08/11,07:00,14814619,獅王,NONIO全效漱口水2入,52折,499,300,282,248,52,否,17.3
2026/08/11,07:00,9723542,樂米穀場,花蓮富里產雪姬之星1.5KG*6入組,53折,859,350,320,298,52,否,14.9
2026/08/11,07:00,8991214,甜露露,華盛頓9.5R櫻桃1.5kg(空運脆甜),64折,799,800,779,749,51,否,6.4
2026/08/11,07:00,7194165,PaperOne,Copier 多功能高效影印紙 70G A4 5包/箱,76折,499,62,48,12,50,否,80.6
2026/08/11,07:00,15227699,BIODERMA,舒敏潔膚液4入,32折,1099,198,165,149,49,否,24.7
2026/08/11,07:00,12634519,YT shop,買一送一 男女吸排速乾褲/涼感褲(多款任選),23折,468,640,624,593,47,否,7.3
2026/08/11,07:00,7177530,ALAI寢飾工場,買1送1 天絲床包枕套組,2折,799,400,385,367,33,否,8.2
2026/08/11,07:00,8069349,天使娜拉EX膠原蛋白粉x7盒(15包/盒/牛奶),天使娜拉EX膠原蛋白粉x7盒(15包/盒/牛奶),21折,1950,200,183,173,27,否,13.5
2026/08/11,07:00,10419093,滿意寶寶,極上呵護輕巧褲L-XL(任選2箱組),78折,2998,499,488,478,21,否,4.2
2026/08/11,07:00,13454873,小米官方旗艦館,Xiaomi 電動打氣機 2 Pro,87折,1349,199,186,180,19,否,9.5
2026/08/11,07:00,13728021,蒂巴蕾,贈100mo★6件組-中高腰無痕抗菌內褲,74折,899,499,493,482,17,否,3.4
2026/08/11,07:00,12916072,美心,可拆奶茶咕咕鍋IH不沾3鍋5件組,43折,990,210,202,194,16,否,7.6
2026/08/11,07:00,14176994,妮維雅,630淡斑精華3入,42折,1899,300,295,285,15,否,5.0
2026/08/11,07:00,13986702,Sodastream,時尚風自動扣瓶氣泡水機,39折,2580,98,91,86,12,否,12.2
2026/08/11,07:00,10157297,LAC,活性納豆紅麴Q10膠囊x3盒組,54折,2880,588,584,579,9,否,1.5
2026/08/11,07:00,8133412,大研生醫,德國頂級魚油5入組(60粒/入.陳美鳳&權威醫生共同推薦),41折,4099,147,143,139,8,否,5.4
2026/08/11,07:00,9294858,伊萊克斯,Well Q6無線吸塵器(WQ61-1EDB毛髮截斷版),36折,4688,65,61,57,8,否,12.3
2026/08/11,07:00,15453223,Boatilus,2026新款義大利機能兒童涼鞋/護趾涼鞋(多色任選),77折,850,205,203,198,7,否,3.4
2026/08/11,07:00,12278722,嘿囉,無榖貓糧10磅,61折,1799,190,189,183,7,否,3.7
2026/08/11,07:00,8013804,飛利浦,全自動義式咖啡機(EP2220),28折,9999,100,95,94,6,否,6.0
2026/08/11,07:00,15180439,亞馬生醫,MPE-311激孅粒現5盒,48折,3840,100,98,94,6,否,6.0
2026/08/11,07:00,13698969,芭比波朗,大理石粉嫩蜜粉餅(控油x提亮x鎖妝),69折,1800,96,93,91,5,否,5.2
2026/08/11,07:00,15406786,NEW BALANCE,509系列_復古鞋/運動鞋(多款任選),77折,2699,199,197,194,5,否,2.5
2026/08/11,07:00,11300579,Lunio,Helix雙人乳膠獨立筒床墊,39折,7890,39,37,35,4,否,10.3
2026/08/11,07:00,14208908,Le Creuset,Gourmand 專業迷你鑄鐵鍋具3入組,33折,3999,200,199,198,2,否,1.0
2026/08/11,07:00,15325345,Samsung 三星,Galaxy S26 Ultra 5G 6.9吋(12G/256G/Snapdragon 8 Elite Gen 5/2億鏡頭畫素/AI手機),93折,37120,30,29,28,2,否,6.7
2026/08/11,07:00,15119015,樂敦,V游離型葉黃素複方軟膠囊 120粒*2入,77折,2799,150,149,149,1,否,0.7
2026/08/11,07:00,14237834,Lenovo,15.3吋i5 H版輕薄筆電,6折,16990,25,24,24,1,否,4.0
2026/08/11,07:00,15132081,Apple,13吋 A18 Pro(8G/512G),97折,25123,15,14,14,1,否,6.7
2026/08/11,07:00,15489437,DJI,Osmo Nano隨行套裝(128GB) 運動相機/迷你相機｜續航200分｜自帶卡槽(聯強國際貨),95折,10190,20,20,20,0,否,0.0
2026/08/11,07:00,15493441,TCL,65型 4K RGB Mini LED 量子智慧連網TV,77折,38691,30,30,30,0,否,0.0
2026/08/11,11:00,15016422,DIKE,14吋智能變頻遙控扇 HLE160WT,5折,799,397,359,330,67,否,16.9
2026/08/11,11:00,15356986,SKECHERS,女款 輕量防水涼鞋 (多款選),57折,1090,299,273,242,57,否,19.1
2026/08/11,11:00,14937238,台北茹曦酒店,SUNNY BUFFET★平日午/晚餐吃到飽(假日+200),83折,1088,277,237,221,56,否,20.2
2026/08/11,11:00,13760168,華元,餅乾派對箱2箱,59折,499,604,578,557,47,否,7.8
2026/08/11,11:00,13303475,古寶無患子,玉容深層亮白水凝乳4入,55折,880,86,63,46,40,否,46.5
2026/08/11,11:00,11911911,大同,10人份電鍋瑰蜜粉,78折,2590,97,76,66,31,否,32.0
2026/08/11,11:00,9735781,Persil,深層酵解濃縮洗衣精6包,49折,949,499,489,469,30,否,6.0
2026/08/11,11:00,10055187,古寶無患子,20入-玉容活膚晶白皙經典組100g,38折,990,299,278,270,29,否,9.7
2026/08/11,11:00,15050983,野人舒食,舒肥雞胸30入,44折,1599,200,184,172,28,否,14.0
2026/08/11,11:00,9643162,清秀佳人,送濕式衛生紙12抽2入★M-XL5件包/XXL4件包x12入,72折,1111,399,388,376,23,否,5.8
2026/08/11,11:00,7636288,雨之情,時尚高機能風雨衣 2.0版(升級版防水拉鍊),68折,609,498,489,475,23,否,4.6
2026/08/11,11:00,6467970,TiANN 鈦安專利萬用鈦砧板 大款-36x30公分,TiANN 鈦安專利萬用鈦砧板 大款-36x30公分,7折,1619,99,86,77,22,否,22.2
2026/08/11,11:00,4908380,統一LP33,健字號益生菌膠囊*4盒,62折,2995,150,139,129,21,否,14.0
2026/08/11,11:00,14047897,惜惜,康普茶氣泡飲420mlx2箱(共48入),52折,949,288,276,267,21,否,7.3
2026/08/11,11:00,14532866,Tefal 特福,醇火不沾鍋具3件組,33折,899,350,338,333,17,否,4.9
2026/08/11,11:00,15395134,契爾氏,冰河醣蛋白吸油水感凝凍,45折,1440,114,109,99,15,否,13.2
2026/08/11,11:00,14553162,Haier 海爾,全新升級!R9 Plus 白大帥 高溫蒸氣織物清洗機+廚衛清潔組(高溫100度蒸氣/60度熱水/一機多用),57折,3988,79,75,67,12,否,15.2
2026/08/11,11:00,14734140,Nutram 紐頓,無穀均衡健康狗飼料11.4kg,49折,1999,76,69,64,12,否,15.8
2026/08/11,11:00,14499417,翻轉拉！孩子最愛的交通×工程×城市探險立體遊戲書,翻轉拉！孩子最愛的交通×工程×城市探險立體遊戲書,55折,1247,91,84,80,11,否,12.1
2026/08/11,11:00,12608515,ASUS 華碩,Zenfone 11 Ultra 5G 6.78吋(12G/256G/高通驍龍8 Gen3/5000萬鏡頭畫素/AI手機),74折,17777,29,21,19,10,否,34.5
2026/08/11,11:00,13506797,歐姬兒,升級版凍齡蜂王乳凝露EX6入,36折,4622,70,63,61,9,否,12.9
2026/08/11,11:00,14645822,健康優見,活力B群糖衣錠升級版x10瓶,16折,888,200,192,191,9,否,4.5
2026/08/11,11:00,10977760,COACH,斜背包/肩背包/後背包/兩用包(多款),98折,6888,39,35,30,9,否,23.1
2026/08/11,11:00,9929266,m2 美度,超能膠原飲8盒囤貨組(64入),37折,5080,500,495,492,8,否,1.6
2026/08/11,11:00,15491033,Foodcycler,廚餘大師Pro 五合一家用廚餘機(容量大、不挑食！FC-100TW),54折,11380,500,498,493,7,否,1.4
2026/08/11,11:00,8649334,德邁國際工學椅,德邁國際工學椅,59折,2499,119,116,112,7,否,5.9
2026/08/11,11:00,14069610,LEGO 樂高,航海王系列 75639 前進梅利號海賊船,63折,2999,60,56,53,7,否,11.7
2026/08/11,11:00,15479611,Apple,2025 iPad 11 A16/11吋/WiFi/256G,92折,17588,29,26,23,6,否,20.7
2026/08/11,11:00,14003035,JVC,65型Mini LED TV,66折,19988,49,44,44,5,否,10.2
2026/08/11,11:00,14833198,HP 惠普,15吋Ultra 5輕薄高效筆電,67折,22999,15,12,10,5,否,33.3
2026/08/11,11:00,15231994,西湖渡假村,仲夏花火節★雙人一泊三食(贈4000元住宿抵用券),19折,3599,139,138,135,4,否,2.9
2026/08/11,11:00,15535147,大研生醫,山苦瓜胜雙層緩釋錠4入組(共240錠.陳美鳳代言-1200mg山苦瓜萃取.武靴葉.鉻),43折,3150,100,97,96,4,否,4.0
2026/08/11,11:00,14956392,華碩,Ultra 7獨家AI 32G/OLED,93折,41999,50,49,47,3,否,6.0
2026/08/11,11:00,13992136,歌林,4-5坪一級變頻冷暖,63折,16490,15,14,12,3,否,20.0
2026/08/11,11:00,14211446,輝葉,WePAPA登山健走機(超慢跑 走路機HY-20613),69折,12400,20,19,18,2,否,10.0
2026/08/11,11:00,10960211,HP,ST580三合一wifi連供機★低成本大印量多功能,76折,5990,15,14,13,2,否,13.3
2026/08/11,11:00,15256433,法國STAUB,鑄鐵雙鍋組 圓鍋+平煎鍋16cm,31折,4699,65,64,63,2,否,3.1
2026/08/11,11:00,8666029,Sofy蘇菲,彈力貼身衛生棉,39折,459,1,1,1,0,否,0.0
2026/08/11,14:00,7628356,Scoot&Ride,Kick1 Cool飛滑步車/滑板車(奧地利滑步車 平衡車 嚕嚕車 學步車),58折,2899,200,,0,200,是,100.0
2026/08/11,14:00,7727286,怪獸部落,無膠犬貓副食罐80gx24入,63折,499,497,389,302,195,否,39.2
2026/08/11,14:00,15491286,麥當勞,大麥克+麥脆雞腿*2+麥克雞塊(6塊)+薯條(中)*2+中可*2,73折,330,998,934,839,159,否,15.9
2026/08/11,14:00,15460534,台東鹿鳴溫泉酒店,2-4人入住★升等4人房享一泊多食,16折,3888,130,,0,130,是,100.0
2026/08/11,14:00,11928914,舒主金,加蓋純水濕巾36包,5折,711,390,341,288,102,否,26.2
2026/08/11,14:00,15506419,KINYO,14吋遙控循環電扇 AWAF-027,35折,699,383,341,294,89,否,23.2
2026/08/11,14:00,15039734,王品集團,西堤牛排經典套餐,94折,729,450,411,366,84,否,18.7
2026/08/11,14:00,15272511,舒潔,momo獨家☆柔厚韌感三層90抽x48包,46折,699,499,457,424,75,否,15.0
2026/08/11,14:00,6659322,果貿吳媽家水餃,嚐鮮免運3盒,77折,999,308,285,256,52,否,16.9
2026/08/11,14:00,10101929,Logitech 羅技,Lift 人體工學垂直藍牙滑鼠,71折,1790,80,63,30,50,否,62.5
2026/08/11,14:00,15061143,芝初,8倍細高蛋白纖穀粉10入x5盒,67折,849,301,268,261,40,否,13.3
2026/08/11,14:00,7342330,萬歲牌,堅果日記系列-紅棗堅生堅果/減糖日記(25gx26包/盒-伴手禮/送禮推薦/堅果禮盒/無調味),75折,659,499,473,459,40,否,8.0
2026/08/11,14:00,10889088,台酒生技,酒粕精粹青春露5入,33折,1018,248,224,211,37,否,14.9
2026/08/11,14:00,15437770,飲后,超孅飲6盒(15包/盒),37折,2880,199,188,175,24,否,12.1
2026/08/11,14:00,14960219,KATE,怪獸級持色唇膏,5折,430,300,293,281,19,否,6.3
2026/08/11,14:00,11911911,大同,10人份電鍋瑰蜜粉,78折,2590,100,94,82,18,否,18.0
2026/08/11,14:00,9735440,WOAWOA,3雙組 零重力足弓3D減壓鞋墊(久站鞋墊 除臭鞋墊 足弓鞋墊 運動鞋墊 9735440),39折,1199,254,246,236,18,否,7.1
2026/08/11,14:00,14942665,ONEHOUSE格拉斯人體工學電腦椅,ONEHOUSE格拉斯人體工學電腦椅,38折,2999,75,66,61,14,否,18.7
2026/08/11,14:00,15236197,AZUR,出清品 經典輕質上衣(多款任選),15折,620,290,285,277,13,否,4.5
2026/08/11,14:00,11953390,Panasonic 國際牌獨家專賣-瞬熱式溫水洗淨便座．含基本安裝(DL-5909TWW-TW),Panasonic 國際牌獨家專賣-瞬熱式溫水洗淨便座．含基本安裝(DL-5909TWW-TW),72折,7999,47,35,34,13,否,27.7
2026/08/11,14:00,12723306,小米官方旗艦館,無線吸塵器G20Lite,8折,2411,74,68,62,12,否,16.2
2026/08/11,14:00,13349515,Philips,酷螢移動感應櫥壁燈47cm2入,67折,1999,99,91,87,12,否,12.1
2026/08/11,14:00,11637471,NEOFLAM,陶瓷深平底鍋24cm,4折,799,499,496,491,8,否,1.6
2026/08/11,14:00,7060855,法緻,嬰幼兒洗髮沐浴精2入,78折,1499,199,193,191,8,否,4.0
2026/08/11,14:00,14933219,SK-II,肌源賦能煥顏活膚霜100G,58折,4199,100,96,93,7,否,7.0
2026/08/11,14:00,14008859,SHARP 夏普,12公升自動除菌離子除濕機 DW-LT12ST-W,73折,7990,48,43,42,6,否,12.5
2026/08/11,14:00,14850929,BenQ,27型 2K 200Hz護眼螢幕,79折,5588,38,34,33,5,否,13.2
2026/08/11,14:00,15183818,SAUCONY,TRIUMPH 緩震跑鞋(網路獨家),47折,2599,146,143,142,4,否,2.7
2026/08/11,14:00,14571408,InBody,全球第一 家用版體脂計 InBody Dial H40(2025旗艦機/用科學管理健康),83折,20990,10,9,7,3,否,30.0
2026/08/11,14:00,13684749,國際牌,RO長效濾心瞬熱飲水機,75折,10490,30,27,27,3,否,10.0
2026/08/11,14:00,11855344,FAMMIX 菲米斯,SAFER-2 六合一把手式電子鎖,63折,8799,79,79,77,2,否,2.5
2026/08/11,14:00,14276041,Apple,A+級福利品 iPhone 16 Pro 128G 6.3吋,89折,24688,8,8,7,1,否,12.5
2026/08/11,14:00,14034946,TP-Link,三入組★Wi-Fi 7 三頻 10G路由器,78折,14188,48,48,48,0,否,0.0
2026/08/11,14:00,15143552,ASUS,i7十核RTX5050電競★升32G,82折,42888,20,20,20,0,否,0.0
2026/08/11,18:00,7727286,怪獸部落,無膠犬貓副食罐80gx24入,63折,499,499,393,279,220,否,44.1
2026/08/11,18:00,13340193,NARS,裸光蜜粉餅10g(小白餅),49折,799,248,214,176,72,否,29.0
2026/08/11,18:00,13344803,SABON,沐浴油500ml 2入組,5折,1299,229,206,175,54,否,23.6
2026/08/11,18:00,13628080,BLACK HAMMER,保溫保冰吸管杯860ml兩入組,39折,990,310,286,259,51,否,16.5
2026/08/11,18:00,11700821,Havit,海威特高續航耳罩式藍芽耳機H630BT,31折,799,100,90,57,43,否,43.0
2026/08/11,18:00,14928291,好自在,無痕早安/奢柔褲36片/安睡褲48片,62折,999,499,486,458,41,否,8.2
2026/08/11,18:00,8951301,金園排骨,巨無霸級無骨金饌雞腿排12片,6折,1398,300,279,263,37,否,12.3
2026/08/11,18:00,15394414,周大福,9999黃金金豆星星 1公克,87折,5488,50,26,14,36,否,72.0
2026/08/11,18:00,10729530,鍋寶,316不鏽鋼調理鍋3鍋6件組,33折,990,305,296,280,25,否,8.2
2026/08/11,18:00,10419093,滿意寶寶,極上呵護輕巧褲L-XL(任選2箱組),78折,2998,499,493,475,24,否,4.8
2026/08/11,18:00,15414919,DHC,好眠素 30日份*2入組,71折,899,400,393,377,23,否,5.8
2026/08/11,18:00,9096413,象印,10人份IH豪熱沸騰微電腦電子鍋,37折,5990,86,78,69,17,否,19.8
2026/08/11,18:00,10268130,茶曉得,杉林溪高山鮮採烏龍茶葉12包(3斤),35折,1199,229,224,213,16,否,7.0
2026/08/11,18:00,15491033,Foodcycler,廚餘大師Pro 五合一家用廚餘機(容量大、不挑食！FC-100TW),54折,11380,500,497,485,15,否,3.0
2026/08/11,18:00,14148896,adidas 愛迪達,防曬連帽外套 抗UV 薄外套 寬鬆 女款(多款任選),51折,1190,200,197,185,15,否,7.5
2026/08/11,18:00,14159603,24HRS,5件組★經典款無感集中內衣,55折,1900,500,497,486,14,否,2.8
2026/08/11,18:00,11764022,FL 生活+,360L雙開門可疊加附輪摺疊收納箱,32折,2599,100,88,86,14,否,14.0
2026/08/11,18:00,14833444,mo select,智能除臭殺菌不鏽鋼感應垃圾桶(大容量30L),25折,1999,72,67,61,11,否,15.3
2026/08/11,18:00,13351861,funcare 船井生醫,FIP100纖維粉增量限定版(共240包),34折,6580,50,46,39,11,否,22.0
2026/08/11,18:00,8388541,善存,游離型葉黃素軟膠囊20mg 4+1盒組,7折,2799,200,193,190,10,否,5.0
2026/08/11,18:00,12584101,德國雙人,Enjoy不沾鍋湯鍋20cm附玻璃蓋,3折,999,300,296,290,10,否,3.3
2026/08/11,18:00,11139929,來復易,活力褲/超薄褲/無痕褲S-XXL(2箱),65折,2399,500,497,491,9,否,1.8
2026/08/11,18:00,13559312,泰安觀止溫泉會館,最後組數！抗漲★雙人觀星/觀月情房一泊二食,63折,8888,60,57,51,9,否,15.0
2026/08/11,18:00,11006259,禾聯,4-6坪一級變頻冷暖空調,59折,17900,20,14,12,8,否,40.0
2026/08/11,18:00,15023905,Durex 杜蕾斯,001水性PU衛生套標準裝10入x2+6入+2入(共28入),58折,2699,32,28,26,6,否,18.8
2026/08/11,18:00,15352987,dyson,V10強勁雙錐無纏結吸塵器(mo獨家新品/毛髮剋星/光學偵測),88折,14900,150,149,147,3,否,2.0
2026/08/11,18:00,13884113,Lenovo,電競平板 Legion Tab Gen 3 8.8吋 WiFi(12G/256G/主相機1300萬畫素),72折,12990,50,48,47,3,否,6.0
2026/08/11,18:00,14676951,POCO F8 Ultra 6.9吋 5G(16G/512G/ Snapdragon 8 Elite Gen 5/5000萬畫素三鏡頭相機),POCO F8 Ultra 6.9吋 5G(16G/512G/ Snapdragon 8 Elite Gen 5/5000萬畫素三鏡頭相機),87折,21999,25,24,23,2,否,8.0
2026/08/11,18:00,15034475,Lenovo,小資首選★14吋i5輕薄16G,88折,21999,20,20,19,1,否,5.0
2026/08/11,22:00,15227699,BIODERMA,舒敏潔膚液4入,32折,1099,200,182,159,41,否,20.5
2026/08/11,22:00,10101929,Logitech 羅技,Lift 人體工學垂直藍牙滑鼠,71折,1790,79,73,53,26,否,32.9
2026/08/11,22:00,15408909,台塑生醫,髮根標靶健髮洗髮精3入組,7折,1049,26,9,0,26,是,100.0
2026/08/11,22:00,14866418,Arowana 亞諾納,快閃★買大送小｜29吋前開自由時刻河馬箱+送20吋同款登機箱＋16吋旅行袋｜三件併箱出貨,33折,2377,499,483,475,24,否,4.8
2026/08/11,22:00,12854850,YOMIX優迷,3入組★磁吸收納Type-C to C100W/C to Lightning30W快充線1M,26折,479,350,344,327,23,否,6.6
2026/08/11,22:00,15056655,FILA,韓韶禧代言款 男女慢跑鞋 運動鞋 (多款選),34折,999,189,178,167,22,否,11.6
2026/08/11,22:00,15356986,SKECHERS,女款 輕量防水涼鞋 (多款選),57折,1090,299,286,280,19,否,6.4
2026/08/11,22:00,10793357,台隆,Uffy紅外線按摩梳,94折,1780,169,157,153,16,否,9.5
2026/08/11,22:00,4202246,一點絕,2%凝膠餌劑 30g(德國巴斯夫出品/除蟑螂),7折,1090,300,292,284,16,否,5.3
2026/08/11,22:00,10372280,大研生醫,視易適葉黃素6入組(共180粒.陳美鳳代言.添加蝦紅素.智利酒果.山桑子),4折,4850,99,92,86,13,否,13.1
2026/08/11,22:00,12707475,桂格,滴雞精36包+高麗人蔘6入+康寧保溫瓶,74折,3499,50,42,39,11,否,22.0
2026/08/11,22:00,14587016,WEIDER 威德益生菌x2盒(3gx90包/盒)(美式賣場/益生菌順暢/酵素),WEIDER 威德益生菌x2盒(3gx90包/盒)(美式賣場/益生菌順暢/酵素),81折,1799,180,174,170,10,否,5.6
2026/08/11,22:00,15403392,only,10KG洗脫烘變頻滾筒,9折,10490,27,19,17,10,否,37.0
2026/08/11,22:00,14924186,PP 石墨烯,石墨烯蠶絲修復眼罩2入,13折,2688,120,112,110,10,否,8.3
2026/08/11,22:00,7530852,FAMO 法摩,雙人美眠硬式獨立筒床墊,0.9折,5699,55,47,46,9,否,16.4
2026/08/11,22:00,7341640,Buffalo 牛頭牌,小牛不鏽鋼雙耳炒鍋40cm,58折,3799,28,22,21,7,否,25.0
2026/08/11,22:00,13050788,雅詩蘭黛,粉持久氣墊粉餅(一盒2蕊),86折,3200,79,77,73,6,否,7.6
2026/08/11,22:00,11468777,3M,L22 三道式濾淨冷熱飲水機,57折,12111,28,25,22,6,否,21.4
2026/08/11,22:00,13929131,Acer,送包鼠★15.6吋 R5輕薄效能,8折,18490,70,65,64,6,否,8.6
2026/08/11,22:00,15203323,老爺酒店集團,超值新券！3張套組★聯合住宿券(正券2張+贈券1張),3折,9899,50,50,47,3,否,6.0
2026/08/11,22:00,14191512,Baicycle,U8 PRO電動折疊腳踏車,69折,15888,19,17,16,3,否,15.8
2026/08/11,22:00,15249606,華碩,17.3吋R7滿血RTX4050,95折,39999,49,48,46,3,否,6.1
2026/08/11,22:00,15359433,成長天地,新品 120cm桌面 兒童書桌椅ME602+AU203,52折,9999,42,40,40,2,否,4.8
2026/08/11,22:00,14434335,Apple,iPhone 17 Pro Max(256G/6.9吋)(20W口袋快充行電組),95折,43400,50,49,48,2,否,4.0
2026/08/11,22:00,14691727,dyson,HD16溫控負離子智慧吹風機(普魯士藍限定色),77折,12900,150,150,149,1,否,0.7
2026/08/11,22:00,14484776,追覓科技,X50 Ultra五重升降AI全能旗艦機皇,39折,24980,6,5,5,1,否,16.7
2026/08/11,22:00,9758066,台達電子,多功能浴室廁所循環涼暖風機-標準型300系列遙控型-適用3-6坪,51折,5388,249,249,249,0,否,0.0
2026/08/12,00:00,14540656,舒特膚,三酸煥膚嫩亮潔膚露2入,75折,1245,148,27,0,148,是,100.0
2026/08/12,00:00,8037995,倍潔雅,花漾柔感150抽x84包,5折,849,495,441,419,76,否,15.4
2026/08/12,00:00,14411766,安耐曬,金鑽防曬露NA 5X版x2入,47折,909,239,193,166,73,否,30.5
2026/08/12,00:00,12111481,悅氏,light鹼性水600mlx3箱(共72入),38折,548,205,164,146,59,否,28.8
2026/08/12,00:00,13091093,UNDER ARMOUR,UA 男 Charged Pursuit 3 慢跑鞋_3024878-002(黑色),28折,830,600,557,544,56,否,9.3
2026/08/12,00:00,15254254,RALPH LAUREN,經典大馬刺繡T恤,48折,1288,179,161,134,45,否,25.1
2026/08/12,00:00,13831690,碧歐斯,新升級金萃黃金精華露3入,32折,879,228,203,186,42,否,18.4
2026/08/12,00:00,14636767,ADAM 亞果元素,VIONTA Q 10000mAh 輕巧款自帶線行動電源(CCC認證),57折,690,249,219,210,39,否,15.7
2026/08/12,00:00,13316655,大成,香草雞腿排20包組+5包黃金脆皮雞腿排,34折,1220,299,276,261,38,否,12.7
2026/08/12,00:00,15287208,DaoDi,皮革購物登機包45L,17折,888,187,170,162,25,否,13.4
2026/08/12,00:00,12526823,蒂巴蕾,贈100mo★2件組 無痕無鋼圈內衣,66折,798,399,380,377,22,否,5.5
2026/08/12,00:00,8143213,LG,寵物版加強淨化循環扇空氣清淨機(PuriCare360°/AS651DSS0,48折,12900,46,27,24,22,否,47.8
2026/08/12,00:00,5517245,貝恩,嬰兒柔濕巾24包,53折,1329,399,381,378,21,否,5.3
2026/08/12,00:00,14085036,LG,13KG直立洗衣機,6折,9999,46,29,26,20,否,43.5
2026/08/12,00:00,13168108,GreenPan,Mayflower專利鑽石深煎鍋28cm,32折,899,194,177,175,19,否,9.8
2026/08/12,00:00,13364305,精臣,無墨打印藍芽連接多國語言★B21pro標籤機(附貼紙),74折,2090,24,10,6,18,否,75.0
2026/08/12,00:00,15209759,石頭科技,Qrevo Edge2掃拖機器人,33折,19999,49,38,35,14,否,28.6
2026/08/12,00:00,14480853,蘭城晶英酒店,2大3小精緻客房含百匯自助早餐★影城免費看,53折,8999,59,49,48,11,否,18.6
2026/08/12,00:00,8476296,Le Creuset,琺瑯鑄鐵鍋巴蒂鍋24cm,34折,3999,197,187,187,10,否,5.1
2026/08/12,00:00,8275857,希爾思,成貓雞肉7.03公斤,65折,2289,105,95,95,10,否,9.5
2026/08/12,00:00,13591978,好來,全亮白深導煥白牙膏3入,59折,837,169,164,161,8,否,4.7
2026/08/12,00:00,15437770,飲后,超孅飲6盒(15包/盒),37折,2880,199,195,192,7,否,3.5
2026/08/12,00:00,11821954,達摩本草,92%高濃度魚油10入（共1200顆),33折,6399,50,48,44,6,否,12.0
2026/08/12,00:00,14921074,華碩,15.6吋Core 7輕薄16G,86折,24999,49,47,46,3,否,6.1
2026/08/12,00:00,15210108,Nespresso,膠囊咖啡機Vertuo UP,75折,8800,17,13,14,3,否,17.6
2026/08/12,00:00,15138465,良和時尚珠寶黃金金塊 馬上有錢金塊 (2.00錢±0.01),良和時尚珠寶黃金金塊 馬上有錢金塊 (2.00錢±0.01),92折,37988,20,19,18,2,否,10.0
2026/08/12,00:00,15175989,營養師輕食,台灣01益生菌 5入組(一入30包),65折,6595,300,299,298,2,否,0.7
2026/08/12,00:00,11159057,SANSUI 山水,4-6坪戶外露營專用移動冷氣SAC700,49折,11900,30,29,29,1,否,3.3
2026/08/12,00:00,14473107,義美生醫,W PROTEIN濃縮乳清蛋白飲任選4盒(35g*10包/盒),85折,3000,150,150,149,1,否,0.7
2026/08/12,00:00,15035109,Samsung 三星,Galaxy Tab A11+ 11吋 6G/128G Wifi X230 平板電腦,79折,7990,100,100,100,0,否,0.0
2026/08/12,07:00,15331327,BRITA,MAXTRA Pro Pure Performance 濾水壺 純淨全效型濾芯 (5+1裝) 6入-歐洲製(原裝平輸),59折,1183,150,82,13,137,否,91.3
2026/08/12,07:00,13803340,JOJOGO 揪揪購,買一送一 極薄自動輕羽傘,16折,498,620,551,491,129,否,20.8
2026/08/12,07:00,13193762,UCC,BLACK無糖咖啡185gx2箱(共60入),46折,829,400,354,288,112,否,28.0
2026/08/12,07:00,15383908,Sofy 蘇菲,超熟睡褲型衛生棉 M-XL/共24-36片,37折,479,312,274,226,86,否,27.6
2026/08/12,07:00,13230676,Cetaphil,長效潤膚霜 550gx4入,31折,1488,206,177,146,60,否,29.1
2026/08/12,07:00,13215599,德麗莎,特級初榨橄欖油750ml*3入(可生飲/出廠酸價0.5),5折,1088,280,261,235,45,否,16.1
2026/08/12,07:00,13641160,欣葉日本料理,平日晚餐或假日午餐吃到飽,97折,1120,300,282,256,44,否,14.7
2026/08/12,07:00,13970592,KINYO,日本大金輕量鑄造不沾雙鍋組30cm,32折,799,202,185,160,42,否,20.8
2026/08/12,07:00,14416769,SunEarth&U,日本17口袋收納/可站立後背包(多款選),47折,1099,286,267,246,40,否,14.0
2026/08/12,07:00,13019510,ONEHOUSE洛克巨型免安裝摺疊置物架,ONEHOUSE洛克巨型免安裝摺疊置物架,35折,999,213,199,175,38,否,17.8
2026/08/12,07:00,10282410,皮爾卡登,男款 舒適透氣休閒長褲(三色任選),2折,799,270,257,234,36,否,13.3
2026/08/12,07:00,13610711,Friskies 喜躍,Party Mix香酥餅16包,49折,879,126,119,102,24,否,19.0
2026/08/12,07:00,12475407,潤姬桃子,S1精華液3入,55折,2620,120,108,97,23,否,19.2
2026/08/12,07:00,7851422,MarCella 瑪榭,7件組★MIT無縫抗菌內褲-薄感中低腰,75折,999,500,494,478,22,否,4.4
2026/08/12,07:00,8133411,大研生醫,德國頂級魚油3入組(60粒/入.陳美鳳&權威醫生共同推薦),37折,2499,149,142,128,21,否,14.1
2026/08/12,07:00,13611372,SK-II,青春露 330ml,53折,4799,150,143,133,17,否,11.3
2026/08/12,07:00,11311189,LG,樂金新革新超淨化大白抗敏空氣清淨機,53折,6955,43,39,26,17,否,39.5
2026/08/12,07:00,15079396,Oral-B,多入組- iO微震刷頭 (清潔/溫和/美白),73折,2499,50,39,34,16,否,32.0
2026/08/12,07:00,10997170,日麗生,桐葉豐盈養髮液超值3入組,6折,2685,249,233,233,16,否,6.4
2026/08/12,07:00,12721647,LG,19KG變頻洗衣機,67折,18888,40,32,25,15,否,37.5
2026/08/12,07:00,11455866,Logitech 羅技,MX Anywhere 3S藍牙行動滑鼠,76折,2290,79,72,67,12,否,15.2
2026/08/12,07:00,14107740,幫寶適,一級幫散熱拉拉褲/黏貼尿布5箱,73折,5245,500,496,489,11,否,2.2
2026/08/12,07:00,15091825,TRYALL,濃縮乳清蛋白 500g袋*2入,72折,1098,300,297,291,9,否,3.0
2026/08/12,07:00,14997215,(行闊國際) 二選一 美國 鷹揚銀幣 英國不列顛 銀幣 1盎司 31.1g 999 白銀,(行闊國際) 二選一 美國 鷹揚銀幣 英國不列顛 銀幣 1盎司 31.1g 999 白銀,9折,2988,99,98,94,5,否,5.1
2026/08/12,07:00,12305064,LG,13+10KG乾衣機+滾筒,89折,48900,41,40,39,2,否,4.9
2026/08/12,07:00,12749140,dyson,HD08溫控負離子吹風機(銀銅色),69折,8990,150,148,148,2,否,1.3
2026/08/12,07:00,15518679,Apple,S+級福利品 2025 iPad 11 A16/11吋/WiFi/512G,94折,23888,30,29,28,2,否,6.7
2026/08/12,07:00,15204602,LG,65型 4K UHD 75系列 智慧聯網TV,78折,21900,35,34,35,0,否,0.0
2026/08/12,07:00,15096799,好好生醫,燕窩酸益生菌＋10倍奇蹟蜂王乳,7折,2099,110,110,110,0,否,0.0
2026/08/12,07:00,13118608,PENTAX,17 底片相機(公司貨),79折,15800,15,15,15,0,否,0.0
2026/08/12,07:00,15041629,Apple,13吋 A18 Pro(8G/256G),97折,22213,15,15,15,0,否,0.0
2026/08/12,11:00,12301102,舒特膚,買1送1舒新潔面泡泡 200ml,5折,790,380,293,230,150,否,39.5
2026/08/12,11:00,12137812,ARIEL,4D抗菌洗衣球120顆,74折,799,500,438,364,136,否,27.2
2026/08/12,11:00,6480933,禾聯,14吋智能變頻DC風扇 HDF-14A3,4折,999,300,228,178,122,否,40.7
2026/08/12,11:00,13330061,萬歲牌,無調味堅果隨手包盒裝5盒組(共25包),65折,659,499,459,427,72,否,14.4
2026/08/12,11:00,8990597,倍潔雅,好韌真3層100抽x72包,53折,799,499,459,433,66,否,13.2
2026/08/12,11:00,10728247,西雅圖,貝瑞斯塔即溶咖啡100入x2盒(任選二合一/三合一),6折,1211,250,215,196,54,否,21.6
2026/08/12,11:00,8510933,BODYLUV,第二代洗臉台過濾器+洗臉台濾芯6入,48折,790,189,172,149,40,否,21.2
2026/08/12,11:00,15244921,KeyWear 奇威名品,網路獨家印花/刺繡/蕾絲/短袖上衣T恤(精選多款),22折,666,635,610,597,38,否,6.0
2026/08/12,11:00,15083680,饗城,五星級超有感紅燒牛肉湯包12入,83折,999,99,74,63,36,否,36.4
2026/08/12,11:00,11288674,AVEDA,蘊活煥欣豐盈菁華30ml★買一送一,5折,900,250,233,216,34,否,13.6
2026/08/12,11:00,15331327,BRITA,MAXTRA Pro純淨全效型濾芯 (5+1裝) 6入-歐洲製(原裝平輸),59折,1183,200,182,168,32,否,16.0
2026/08/12,11:00,13626252,Tiger Family,MAX Pro 2S系列超輕量護脊書包- 可摺疊版(中高年級適用),73折,2770,199,177,168,31,否,15.6
2026/08/12,11:00,14478745,大同,10人份不鏽鋼奶茶色電鍋,7折,2740,80,60,52,28,否,35.0
2026/08/12,11:00,8133411,大研生醫,德國頂級魚油3入組(60粒/入.陳美鳳&權威醫生共同推薦),37折,2499,150,144,128,22,否,14.7
2026/08/12,11:00,10050962,GATSBY,魔法激凍體用噴霧x3,75折,499,500,493,481,19,否,3.8
2026/08/12,11:00,9863048,CAXXA台灣製全鐵三層推車,CAXXA台灣製全鐵三層推車,49折,699,90,80,73,17,否,18.9
2026/08/12,11:00,14213596,Berndes 寶迪,New Noblesse系列德製單柄輕量深炒鍋30cm-含蓋,16折,1299,198,190,181,17,否,8.6
2026/08/12,11:00,13051012,耐吉斯,E系列狗飼料22磅,59折,1899,500,495,484,16,否,3.2
2026/08/12,11:00,8143213,LG,寵物版加強淨化循環扇空氣清淨機(PuriCare360°/AS651DSS0,48折,12900,50,46,35,15,否,30.0
2026/08/12,11:00,11569439,義美生醫,常順軍益生菌-日常保健版S(30包*3盒；凍乾藍莓果粉調味、無食品添加物、基礎保養),7折,1785,104,97,91,13,否,12.5
2026/08/12,11:00,11246023,滿意寶寶,寶可夢晚安褲L-XXXL(任選2箱組),78折,1978,498,492,485,13,否,2.6
2026/08/12,11:00,10382279,AGE20,緋紅光澤爆水粉餅(1空殼+2粉蕊),31折,850,200,190,187,13,否,6.5
2026/08/12,11:00,12049739,老爺酒店聯合住宿紙券,限量新券！多館通用★超長效期2027/6/30,83折,3325,150,148,140,10,否,6.7
2026/08/12,11:00,14021165,recolte 麗克特,Cordless Circulation Fan無線循環電風扇(RFN-2 兩小無拆扇),62折,4980,100,96,90,10,否,10.0
2026/08/12,11:00,14634175,Google,Pixel 10 Pro XL 5G 6.8吋(16G/256G),72折,28988,49,45,39,10,否,20.4
2026/08/12,11:00,14023599,Amazfit 華米,Bip 6 智慧手錶,76折,2288,20,15,11,9,否,45.0
2026/08/12,11:00,12842795,亞培,安素原味 HMB升級配方 60入,82折,4250,200,196,191,9,否,4.5
2026/08/12,11:00,14917016,好好生醫,燕窩酸益生菌白晝光 四入組・30包/每盒（搭配膠原蛋白適用、養顏美容青春亮感、葡萄籽花青素）,71折,3680,100,95,93,7,否,7.0
2026/08/12,11:00,13646910,Suntory 三得利官方直營,固力伸 葡萄糖胺 180錠x3罐組(共900錠 順行靈活 步步強健 林美秀 楊貴媚 推薦),88折,4752,100,98,94,6,否,6.0
2026/08/12,11:00,12877395,NIKE,VOMERO 5 復古休閒鞋,48折,2399,148,144,143,5,否,3.4
2026/08/12,11:00,15491289,麥當勞,豬肉滿福堡加蛋+經典美式咖啡(冰),52折,58,9,7,5,4,否,44.4
2026/08/12,11:00,15346062,LEGO 樂高,科技系列 42240 Aston Martin Aramco AMR25 F1 賽車,66折,5299,33,32,29,4,否,12.1
2026/08/12,11:00,13994054,iRobot,Roomba 105 Combo 掃拖機器人(70倍吸力/雙倍深層拖地/不斷電續掃),47折,6599,60,58,56,4,否,6.7
2026/08/12,11:00,14349557,momoBOOK 7吋 彩色電子書/電子閱讀器+加送保護套乙件,momoBOOK 7吋 彩色電子書/電子閱讀器+加送保護套乙件,71折,5199,635,633,631,4,否,0.6
2026/08/12,11:00,15501683,蘭蔻,全新永生玫瑰乳霜30ml,54折,6885,67,66,64,3,否,4.5
2026/08/12,11:00,15491810,SWAROVSKI 施華洛世奇官方直營 momo獨家 愛心手鍊/耳環/項鍊1+1組 (七夕禮物/情人節),SWAROVSKI 施華洛世奇官方直營 momo獨家 愛心手鍊/耳環/項鍊1+1組 (七夕禮物/情人節),56折,3888,70,69,67,3,否,4.3
2026/08/12,11:00,15465827,Lenovo,15.3吋R7 RTX5050電競筆電,71折,39990,24,23,23,1,否,4.2
2026/08/12,11:00,14737104,DELL,高CP值★15.6吋i5文書,75折,17999,10,10,10,0,否,0.0
2026/08/12,11:00,13616694,LG,3-5坪一級變頻冷暖空調,67折,25900,7,7,7,0,否,0.0
